Workbook

Sheet lc_detailed
B2: Asset Parameters (normalized by commodity feedstock) | Q2: Duals | Y2: LCOE for ethanol production ($/MWh-ethanol) | AA2: CI | AB2: CREDIT | AJ2: NET CARBON INTENSITY + credit for capture | AM2: CREDIT for capture/storage + PAY for storage | AQ2: Carbon Content | AW2: Carbon Inputs | AY2: Carbon Outputs | BE2: Sanity Checks
B3: id | C3: commodity | D3: elec_production (MWh/t-bio) | E3: elec_consumption (MWh/t-bio) | F3: gasoline_production (MWh-gasoline/t-bio) | G3: jetfuel_production (MWh-jetfuel/t-bio) | H3: diesel_production (MWh-diesel/t-bio) | I3: fuel_production (MWh-fuel/t-bio) | J3: co2_biomass_content (t-CO2/t-bio) | K3: process_capture_rate (t-CO2/t-bio) | L3: process_emission_rate (t-CO2/t-bio) | M3: investment_cost ($/yr per t-bio/hr) | N3: fixed_om_cost ($/yr per t-bio/hr) | O3: variable_om_cost ($/t-bio) | Q3: co2_sink ($/t) | R3: co2_captured ($/t) | S3: biocorn_supply ($/t) | T3: bioherb_supply ($/t) | U3: biowood_supply ($/t) | V3: bioagri_supply ($/t) | W3: elec_demand ($/MWh) | Y3: id_LC | Z3: commodity_LC | AA3: LCOE ($/MWh-fuel) | AB3: LCOE ($/MWh-fuel) | AC3: Diff. Between Methods ($/MWh) | AD3: elec_production | AE3: elec_consumption | AF3: biomass_consumption | AG3: investment_cost | AH3: fixed_om_cost | AI3: variable_om_cost | AJ3: CI | AK3: modified capture cost | AL3: modified emissions cost | AM3: CI | AN3: modified capture cost | AO3: modified emissions cost | AQ3: Biomass CO2 content (t-CO2/t-bio) | AR3: Gasoline (t-CO2/MWh-gasoline) | AS3: Diesel (t-CO2/MWh-diesel) | AT3: JetFuel (t-CO2/MWh-jetfuel) | AU3: Ethanol (t-CO2/MWh-ethanol) | AW3: Biomass (t-CO2/t-bio) | AY3: Gasoline (t-CO2/t-bio) | AZ3: Diesel (t-CO2/t-bio) | BA3: JetFuel (t-CO2/t-bio) | BB3: Process Emissions (t-CO2/t-bio) | BC3: Process Captured (t-CO2/t-bio) | BE3: Carbon INPUT - OUTPUT
B4: CA_Gasoline_Gasification_Non_CCS_Herb | C4: Biomass_Herb | D4: 0 | E4: 0 | F4: 2.0204 | G4: 0 | H4: 0 | I4: =F4+G4+H4 -> 2.0204 | J4: 1.721 | K4: 0 | L4: 1.2280783 | M4: 356053.6 | N4: 283503.36 | O4: 22.0416 | Q4: 105.211 | R4: -6.412213 | S4: 160 | T4: 313632.97 | U4: 154.03698 | V4: 132.85974 | W4: 36.488698 | Y4: =B4 -> CA_Gasoline_Gasification_Non_CCS_Herb | Z4: =C4 -> Biomass_Herb | AA4: =SUM(AD4:AI4)+AK4+AL4 -> 155284.17 | AB4: =SUM(AD4:AI4)+AN4+AO4 -> 155284.17 | AC4: =AA4-AB4 -> 0 | AD4: =D4/I4*W4*-1 -> 0 | AE4: =E4/I4*W4 -> 0 | AF4: {=_xlfn.IFS(C4="Biomass_Corn", 1/I4*S4, C4="Biomass_Agri", 1/I4*V4, C4="Biomass_Wood", 1/I4*U4, C4="Biomass_Herb", 1/I4*T4)} -> 155233.11 | AG4: =M4/I4/(0.9*8760) -> 22.352773 | AH4: =N4/I4/(0.9*8760) -> 17.798124 | AI4: =O4/I4 -> 10.909523 | AJ4: =(AY4+AZ4+BA4+BB4+BC4-AW4)/I4 -> -4.1544519e-06 | AK4: =(Q4+R4)*-1*K4/I4 -> 0 | AL4: =AJ4*Q4 -> -0.00043709405 | AM4: =(SUM(AY4:BB4)-AW4)/I4 -> -4.1544519e-06 | AN4: =K4/I4*-1*R4 -> 0 | AO4: =AM4*Q4 -> -0.00043709405 | AQ4: =J4 -> 1.721 | AR4: 0.24396819 | AS4: 0.24942761 | AT4: 0.24635668 | AU4: 0.23037491 | AW4: =AQ4 -> 1.721 | AY4: =AR4*F4 -> 0.49291332 | AZ4: =AS4*H4 -> 0 | BA4: =AT4*G4 -> 0 | BB4: =L4 -> 1.2280783 | BC4: =K4 -> 0 | BE4: =AW4-SUM(AY4:BC4) -> 8.3936547e-06
B5: NW_Gasoline_Gasification_Non_CCS_Herb | C5: Biomass_Herb | D5: 0 | E5: 0 | F5: 2.0249 | G5: 0 | H5: 0 | I5: =F5+G5+H5 -> 2.0249 | J5: 1.726 | K5: 0 | L5: 1.2319943 | M5: 356053.6 | N5: 283503.36 | O5: 22.0416 | Q5: 105.211 | R5: -7.379659 | S5: 160 | T5: 130.9966 | U5: 149.05667 | V5: 112.26938 | W5: 26.787863 | Y5: =B5 -> NW_Gasoline_Gasification_Non_CCS_Herb | Z5: =C5 -> Biomass_Herb | AA5: =SUM(AD5:AI5)+AK5+AL5 -> 115.64011 | AB5: =SUM(AD5:AI5)+AN5+AO5 -> 115.64011 | AC5: =AA5-AB5 -> 0 | AD5: =D5/I5*W5*-1 -> 0 | AE5: =E5/I5*W5 -> 0 | AF5: {=_xlfn.IFS(C5="Biomass_Corn", 1/I5*S5, C5="Biomass_Agri", 1/I5*V5, C5="Biomass_Wood", 1/I5*U5, C5="Biomass_Herb", 1/I5*T5)} -> 64.692875 | AG5: =M5/I5/(0.9*8760) -> 22.303098 | AH5: =N5/I5/(0.9*8760) -> 17.758571 | AI5: =O5/I5 -> 10.885278 | AJ5: =(AY5+AZ5+BA5+BB5+BC5-AW5)/I5 -> 2.7276303e-06 | AK5: =(Q5+R5)*-1*K5/I5 -> 0 | AL5: =AJ5*Q5 -> 0.00028697672 | AM5: =(SUM(AY5:BB5)-AW5)/I5 -> 2.7276303e-06 | AN5: =K5/I5*-1*R5 -> 0 | AO5: =AM5*Q5 -> 0.00028697672 | AQ5: =J5 -> 1.726 | AR5: 0.24396819 | AS5: 0.24942761 | AT5: 0.24635668 | AU5: 0.23037491 | AW5: =AQ5 -> 1.726 | AY5: =AR5*F5 -> 0.49401118 | AZ5: =AS5*H5 -> 0 | BA5: =AT5*G5 -> 0 | BB5: =L5 -> 1.2319943 | BC5: =K5 -> 0 | BE5: =AW5-SUM(AY5:BC5) -> -5.5231787e-06
B6: SW_Gasoline_Gasification_Non_CCS_Herb | C6: Biomass_Herb | D6: 0 | E6: 0 | F6: 2.0115 | G6: 0 | H6: 0 | I6: =F6+G6+H6 -> 2.0115 | J6: 1.71 | K6: 0 | L6: 1.2192462 | M6: 356053.6 | N6: 283503.36 | O6: 22.0416 | Q6: 105.211 | R6: -14.567418 | S6: 160 | T6: 120.28219 | U6: 137.47503 | V6: 107.55987 | W6: 27.957547 | Y6: =B6 -> SW_Gasoline_Gasification_Non_CCS_Herb | Z6: =C6 -> Biomass_Herb | AA6: =SUM(AD6:AI6)+AK6+AL6 -> 111.08298 | AB6: =SUM(AD6:AI6)+AN6+AO6 -> 111.08298 | AC6: =AA6-AB6 -> 0 | AD6: =D6/I6*W6*-1 -> 0 | AE6: =E6/I6*W6 -> 0 | AF6: {=_xlfn.IFS(C6="Biomass_Corn", 1/I6*S6, C6="Biomass_Agri", 1/I6*V6, C6="Biomass_Wood", 1/I6*U6, C6="Biomass_Herb", 1/I6*T6)} -> 59.79726 | AG6: =M6/I6/(0.9*8760) -> 22.451674 | AH6: =N6/I6/(0.9*8760) -> 17.876873 | AI6: =O6/I6 -> 10.957793 | AJ6: =(AY6+AZ6+BA6+BB6+BC6-AW6)/I6 -> -5.8814332e-06 | AK6: =(Q6+R6)*-1*K6/I6 -> 0 | AL6: =AJ6*Q6 -> -0.00061879148 | AM6: =(SUM(AY6:BB6)-AW6)/I6 -> -5.8814332e-06 | AN6: =K6/I6*-1*R6 -> 0 | AO6: =AM6*Q6 -> -0.00061879148 | AQ6: =J6 -> 1.71 | AR6: 0.24396819 | AS6: 0.24942761 | AT6: 0.24635668 | AU6: 0.23037491 | AW6: =AQ6 -> 1.71 | AY6: =AR6*F6 -> 0.490742 | AZ6: =AS6*H6 -> 0 | BA6: =AT6*G6 -> 0 | BB6: =L6 -> 1.2192462 | BC6: =K6 -> 0 | BE6: =AW6-SUM(AY6:BC6) -> 1.1830503e-05
B7: TX_Gasoline_Gasification_Non_CCS_Herb | C7: Biomass_Herb | D7: 0 | E7: 0 | F7: 2.016 | G7: 0 | H7: 0 | I7: =F7+G7+H7 -> 2.016 | J7: 1.714 | K7: 0 | L7: 1.2221622 | M7: 356053.6 | N7: 283503.36 | O7: 22.0416 | Q7: 105.211 | R7: -19.477884 | S7: 160 | T7: 132.95548 | U7: 152.57709 | V7: 106.67489 | W7: 20.174973 | Y7: =B7 -> TX_Gasoline_Gasification_Non_CCS_Herb | Z7: =C7 -> Biomass_Herb | AA7: =SUM(AD7:AI7)+AK7+AL7 -> 117.12211 | AB7: =SUM(AD7:AI7)+AN7+AO7 -> 117.12211 | AC7: =AA7-AB7 -> 0 | AD7: =D7/I7*W7*-1 -> 0 | AE7: =E7/I7*W7 -> 0 | AF7: {=_xlfn.IFS(C7="Biomass_Corn", 1/I7*S7, C7="Biomass_Agri", 1/I7*V7, C7="Biomass_Wood", 1/I7*U7, C7="Biomass_Herb", 1/I7*T7)} -> 65.950139 | AG7: =M7/I7/(0.9*8760) -> 22.401559 | AH7: =N7/I7/(0.9*8760) -> 17.836969 | AI7: =O7/I7 -> 10.933333 | AJ7: =(AY7+AZ7+BA7+BB7+BC7-AW7)/I7 -> 1.0348862e-06 | AK7: =(Q7+R7)*-1*K7/I7 -> 0 | AL7: =AJ7*Q7 -> 0.00010888141 | AM7: =(SUM(AY7:BB7)-AW7)/I7 -> 1.0348862e-06 | AN7: =K7/I7*-1*R7 -> 0 | AO7: =AM7*Q7 -> 0.00010888141 | AQ7: =J7 -> 1.714 | AR7: 0.24396819 | AS7: 0.24942761 | AT7: 0.24635668 | AU7: 0.23037491 | AW7: =AQ7 -> 1.714 | AY7: =AR7*F7 -> 0.49183986 | AZ7: =AS7*H7 -> 0 | BA7: =AT7*G7 -> 0 | BB7: =L7 -> 1.2221622 | BC7: =K7 -> 0 | BE7: =AW7-SUM(AY7:BC7) -> -2.0863305e-06
B8: NCEN_Gasoline_Gasification_Non_CCS_Herb | C8: Biomass_Herb | D8: 0 | E8: 0 | F8: 2.0371 | G8: 0 | H8: 0 | I8: =F8+G8+H8 -> 2.0371 | J8: 1.74 | K8: 0 | L8: 1.2430135 | M8: 356053.6 | N8: 283503.36 | O8: 22.0416 | Q8: 105.211 | R8: -39.686463 | S8: 160 | T8: 100.75765 | U8: 111.99077 | V8: 89.243782 | W8: 30.71395 | Y8: =B8 -> NCEN_Gasoline_Gasification_Non_CCS_Herb | Z8: =C8 -> Biomass_Herb | AA8: =SUM(AD8:AI8)+AK8+AL8 -> 100.10321 | AB8: =SUM(AD8:AI8)+AN8+AO8 -> 100.10321 | AC8: =AA8-AB8 -> 0 | AD8: =D8/I8*W8*-1 -> 0 | AE8: =E8/I8*W8 -> 0 | AF8: {=_xlfn.IFS(C8="Biomass_Corn", 1/I8*S8, C8="Biomass_Agri", 1/I8*V8, C8="Biomass_Wood", 1/I8*U8, C8="Biomass_Herb", 1/I8*T8)} -> 49.46132 | AG8: =M8/I8/(0.9*8760) -> 22.169526 | AH8: =N8/I8/(0.9*8760) -> 17.652217 | AI8: =O8/I8 -> 10.820087 | AJ8: =(AY8+AZ8+BA8+BB8+BC8-AW8)/I8 -> 5.4000192e-07 | AK8: =(Q8+R8)*-1*K8/I8 -> 0 | AL8: =AJ8*Q8 -> 5.6814143e-05 | AM8: =(SUM(AY8:BB8)-AW8)/I8 -> 5.4000192e-07 | AN8: =K8/I8*-1*R8 -> 0 | AO8: =AM8*Q8 -> 5.6814143e-05 | AQ8: =J8 -> 1.74 | AR8: 0.24396819 | AS8: 0.24942761 | AT8: 0.24635668 | AU8: 0.23037491 | AW8: =AQ8 -> 1.74 | AY8: =AR8*F8 -> 0.49698759 | AZ8: =AS8*H8 -> 0 | BA8: =AT8*G8 -> 0 | BB8: =L8 -> 1.2430135 | BC8: =K8 -> 0 | BE8: =AW8-SUM(AY8:BC8) -> -1.1000379e-06
B9: CEN_Gasoline_Gasification_Non_CCS_Herb | C9: Biomass_Herb | D9: 0 | E9: 0 | F9: 2.0249 | G9: 0 | H9: 0 | I9: =F9+G9+H9 -> 2.0249 | J9: 1.723 | K9: 0 | L9: 1.2289943 | M9: 356053.6 | N9: 283503.36 | O9: 22.0416 | Q9: 105.211 | R9: -29.672038 | S9: 160 | T9: 107.02715 | U9: 122.86522 | V9: 94.404421 | W9: 25.118154 | Y9: =B9 -> CEN_Gasoline_Gasification_Non_CCS_Herb | Z9: =C9 -> Biomass_Herb | AA9: =SUM(AD9:AI9)+AK9+AL9 -> 103.80276 | AB9: =SUM(AD9:AI9)+AN9+AO9 -> 103.80276 | AC9: =AA9-AB9 -> 0 | AD9: =D9/I9*W9*-1 -> 0 | AE9: =E9/I9*W9 -> 0 | AF9: {=_xlfn.IFS(C9="Biomass_Corn", 1/I9*S9, C9="Biomass_Agri", 1/I9*V9, C9="Biomass_Wood", 1/I9*U9, C9="Biomass_Herb", 1/I9*T9)} -> 52.855526 | AG9: =M9/I9/(0.9*8760) -> 22.303098 | AH9: =N9/I9/(0.9*8760) -> 17.758571 | AI9: =O9/I9 -> 10.885278 | AJ9: =(AY9+AZ9+BA9+BB9+BC9-AW9)/I9 -> 2.7276303e-06 | AK9: =(Q9+R9)*-1*K9/I9 -> 0 | AL9: =AJ9*Q9 -> 0.00028697672 | AM9: =(SUM(AY9:BB9)-AW9)/I9 -> 2.7276303e-06 | AN9: =K9/I9*-1*R9 -> 0 | AO9: =AM9*Q9 -> 0.00028697672 | AQ9: =J9 -> 1.723 | AR9: 0.24396819 | AS9: 0.24942761 | AT9: 0.24635668 | AU9: 0.23037491 | AW9: =AQ9 -> 1.723 | AY9: =AR9*F9 -> 0.49401118 | AZ9: =AS9*H9 -> 0 | BA9: =AT9*G9 -> 0 | BB9: =L9 -> 1.2289943 | BC9: =K9 -> 0 | BE9: =AW9-SUM(AY9:BC9) -> -5.5231787e-06
B10: SE_Gasoline_Gasification_Non_CCS_Herb | C10: Biomass_Herb | D10: 0 | E10: 0 | F10: 2.0215 | G10: 0 | H10: 0 | I10: =F10+G10+H10 -> 2.0215 | J10: 1.717 | K10: 0 | L10: 1.2238073 | M10: 356053.6 | N10: 283503.36 | O10: 22.0416 | Q10: 105.211 | R10: -45.510345 | S10: 160 | T10: 97.593262 | U10: 109.79123 | V10: 86.911507 | W10: 38.099076 | Y10: =B10 -> SE_Gasoline_Gasification_Non_CCS_Herb | Z10: =C10 -> Biomass_Herb | AA10: =SUM(AD10:AI10)+AK10+AL10 -> 99.309709 | AB10: =SUM(AD10:AI10)+AN10+AO10 -> 99.309709 | AC10: =AA10-AB10 -> 0 | AD10: =D10/I10*W10*-1 -> 0 | AE10: =E10/I10*W10 -> 0 | AF10: {=_xlfn.IFS(C10="Biomass_Corn", 1/I10*S10, C10="Biomass_Agri", 1/I10*V10, C10="Biomass_Wood", 1/I10*U10, C10="Biomass_Herb", 1/I10*T10)} -> 48.277646 | AG10: =M10/I10/(0.9*8760) -> 22.34061 | AH10: =N10/I10/(0.9*8760) -> 17.788439 | AI10: =O10/I10 -> 10.903586 | AJ10: =(AY10+AZ10+BA10+BB10+BC10-AW10)/I10 -> -5.4482567e-06 | AK10: =(Q10+R10)*-1*K10/I10 -> 0 | AL10: =AJ10*Q10 -> -0.00057321655 | AM10: =(SUM(AY10:BB10)-AW10)/I10 -> -5.4482567e-06 | AN10: =K10/I10*-1*R10 -> 0 | AO10: =AM10*Q10 -> -0.00057321655 | AQ10: =J10 -> 1.717 | AR10: 0.24396819 | AS10: 0.24942761 | AT10: 0.24635668 | AU10: 0.23037491 | AW10: =AQ10 -> 1.717 | AY10: =AR10*F10 -> 0.49318169 | AZ10: =AS10*H10 -> 0 | BA10: =AT10*G10 -> 0 | BB10: =L10 -> 1.2238073 | BC10: =K10 -> 0 | BE10: =AW10-SUM(AY10:BC10) -> 1.1013651e-05
B11: MIDAT_Gasoline_Gasification_Non_CCS_Herb | C11: Biomass_Herb | D11: 0 | E11: 0 | F11: 2.0327 | G11: 0 | H11: 0 | I11: =F11+G11+H11 -> 2.0327 | J11: 1.736 | K11: 0 | L11: 1.2400975 | M11: 356053.6 | N11: 283503.36 | O11: 22.0416 | Q11: 105.211 | R11: -50.334515 | S11: 160 | T11: 98.707491 | U11: 106.53196 | V11: 87.469328 | W11: 39.29871 | Y11: =B11 -> MIDAT_Gasoline_Gasification_Non_CCS_Herb | Z11: =C11 -> Biomass_Herb | AA11: =SUM(AD11:AI11)+AK11+AL11 -> 99.311842 | AB11: =SUM(AD11:AI11)+AN11+AO11 -> 99.311842 | AC11: =AA11-AB11 -> 0 | AD11: =D11/I11*W11*-1 -> 0 | AE11: =E11/I11*W11 -> 0 | AF11: {=_xlfn.IFS(C11="Biomass_Corn", 1/I11*S11, C11="Biomass_Agri", 1/I11*V11, C11="Biomass_Wood", 1/I11*U11, C11="Biomass_Herb", 1/I11*T11)} -> 48.559793 | AG11: =M11/I11/(0.9*8760) -> 22.217515 | AH11: =N11/I11/(0.9*8760) -> 17.690427 | AI11: =O11/I11 -> 10.843509 | AJ11: =(AY11+AZ11+BA11+BB11+BC11-AW11)/I11 -> 5.6968678e-06 | AK11: =(Q11+R11)*-1*K11/I11 -> 0 | AL11: =AJ11*Q11 -> 0.00059937317 | AM11: =(SUM(AY11:BB11)-AW11)/I11 -> 5.6968678e-06 | AN11: =K11/I11*-1*R11 -> 0 | AO11: =AM11*Q11 -> 0.00059937317 | AQ11: =J11 -> 1.736 | AR11: 0.24396819 | AS11: 0.24942761 | AT11: 0.24635668 | AU11: 0.23037491 | AW11: =AQ11 -> 1.736 | AY11: =AR11*F11 -> 0.49591413 | AZ11: =AS11*H11 -> 0 | BA11: =AT11*G11 -> 0 | BB11: =L11 -> 1.2400975 | BC11: =K11 -> 0 | BE11: =AW11-SUM(AY11:BC11) -> -1.1580023e-05
B12: NE_Gasoline_Gasification_Non_CCS_Herb | C12: Biomass_Herb | D12: 0 | E12: 0 | F12: 2.0404 | G12: 0 | H12: 0 | I12: =F12+G12+H12 -> 2.0404 | J12: 1.745 | K12: 0 | L12: 1.2472006 | M12: 356053.6 | N12: 283503.36 | O12: 22.0416 | Q12: 105.211 | R12: -58.833413 | S12: 160 | T12: 99.493747 | U12: 105.21396 | V12: 89.700445 | W12: 47.365061 | Y12: =B12 -> NE_Gasoline_Gasification_Non_CCS_Herb | Z12: =C12 -> Biomass_Herb | AA12: =SUM(AD12:AI12)+AK12+AL12 -> 99.321461 | AB12: =SUM(AD12:AI12)+AN12+AO12 -> 99.321461 | AC12: =AA12-AB12 -> 0 | AD12: =D12/I12*W12*-1 -> 0 | AE12: =E12/I12*W12 -> 0 | AF12: {=_xlfn.IFS(C12="Biomass_Corn", 1/I12*S12, C12="Biomass_Agri", 1/I12*V12, C12="Biomass_Wood", 1/I12*U12, C12="Biomass_Herb", 1/I12*T12)} -> 48.761883 | AG12: =M12/I12/(0.9*8760) -> 22.133671 | AH12: =N12/I12/(0.9*8760) -> 17.623667 | AI12: =O12/I12 -> 10.802588 | AJ12: =(AY12+AZ12+BA12+BB12+BC12-AW12)/I12 -> -3.3130518e-06 | AK12: =(Q12+R12)*-1*K12/I12 -> 0 | AL12: =AJ12*Q12 -> -0.00034856951 | AM12: =(SUM(AY12:BB12)-AW12)/I12 -> -3.3130518e-06 | AN12: =K12/I12*-1*R12 -> 0 | AO12: =AM12*Q12 -> -0.00034856951 | AQ12: =J12 -> 1.745 | AR12: 0.24396819 | AS12: 0.24942761 | AT12: 0.24635668 | AU12: 0.23037491 | AW12: =AQ12 -> 1.745 | AY12: =AR12*F12 -> 0.49779268 | AZ12: =AS12*H12 -> 0 | BA12: =AT12*G12 -> 0 | BB12: =L12 -> 1.2472006 | BC12: =K12 -> 0 | BE12: =AW12-SUM(AY12:BC12) -> 6.759951e-06
B13: CA_Gasoline_Gasification_Non_CCS_Wood | C13: Biomass_Wood | D13: 0 | E13: 0 | F13: 2.1504 | G13: 0 | H13: 0 | I13: =F13+G13+H13 -> 2.1504 | J13: 1.843 | K13: 0 | L13: 1.318373 | M13: 356053.6 | N13: 283503.36 | O13: 22.0416 | Q13: 105.211 | R13: -6.412213 | S13: 160 | T13: 313632.97 | U13: 154.03698 | V13: 132.85974 | W13: 36.488698 | Y13: =B13 -> CA_Gasoline_Gasification_Non_CCS_Wood | Z13: =C13 -> Biomass_Wood | AA13: =SUM(AD13:AI13)+AK13+AL13 -> 119.60551 | AB13: =SUM(AD13:AI13)+AN13+AO13 -> 119.60551 | AC13: =AA13-AB13 -> 0 | AD13: =D13/I13*W13*-1 -> 0 | AE13: =E13/I13*W13 -> 0 | AF13: {=_xlfn.IFS(C13="Biomass_Corn", 1/I13*S13, C13="Biomass_Agri", 1/I13*V13, C13="Biomass_Wood", 1/I13*U13, C13="Biomass_Herb", 1/I13*T13)} -> 71.631781 | AG13: =M13/I13/(0.9*8760) -> 21.001461 | AH13: =N13/I13/(0.9*8760) -> 16.722159 | AI13: =O13/I13 -> 10.25 | AJ13: =(AY13+AZ13+BA13+BB13+BC13-AW13)/I13 -> 1.0348862e-06 | AK13: =(Q13+R13)*-1*K13/I13 -> 0 | AL13: =AJ13*Q13 -> 0.00010888141 | AM13: =(SUM(AY13:BB13)-AW13)/I13 -> 1.0348862e-06 | AN13: =K13/I13*-1*R13 -> 0 | AO13: =AM13*Q13 -> 0.00010888141 | AQ13: =J13 -> 1.843 | AR13: 0.24396819 | AS13: 0.24942761 | AT13: 0.24635668 | AU13: 0.23037491 | AW13: =AQ13 -> 1.843 | AY13: =AR13*F13 -> 0.52462919 | AZ13: =AS13*H13 -> 0 | BA13: =AT13*G13 -> 0 | BB13: =L13 -> 1.318373 | BC13: =K13 -> 0 | BE13: =AW13-SUM(AY13:BC13) -> -2.2254192e-06
B14: NW_Gasoline_Gasification_Non_CCS_Wood | C14: Biomass_Wood | D14: 0 | E14: 0 | F14: 2.1459 | G14: 0 | H14: 0 | I14: =F14+G14+H14 -> 2.1459 | J14: 1.818 | K14: 0 | L14: 1.294457 | M14: 356053.6 | N14: 283503.36 | O14: 22.0416 | Q14: 105.211 | R14: -7.379659 | S14: 160 | T14: 130.9966 | U14: 149.05667 | V14: 112.26938 | W14: 26.787863 | Y14: =B14 -> NW_Gasoline_Gasification_Non_CCS_Wood | Z14: =C14 -> Biomass_Wood | AA14: =SUM(AD14:AI14)+AK14+AL14 -> 117.53479 | AB14: =SUM(AD14:AI14)+AN14+AO14 -> 117.53479 | AC14: =AA14-AB14 -> 0 | AD14: =D14/I14*W14*-1 -> 0 | AE14: =E14/I14*W14 -> 0 | AF14: {=_xlfn.IFS(C14="Biomass_Corn", 1/I14*S14, C14="Biomass_Agri", 1/I14*V14, C14="Biomass_Wood", 1/I14*U14, C14="Biomass_Herb", 1/I14*T14)} -> 69.461145 | AG14: =M14/I14/(0.9*8760) -> 21.045502 | AH14: =N14/I14/(0.9*8760) -> 16.757226 | AI14: =O14/I14 -> 10.271494 | AJ14: =(AY14+AZ14+BA14+BB14+BC14-AW14)/I14 -> -5.4482567e-06 | AK14: =(Q14+R14)*-1*K14/I14 -> 0 | AL14: =AJ14*Q14 -> -0.00057321655 | AM14: =(SUM(AY14:BB14)-AW14)/I14 -> -5.4482567e-06 | AN14: =K14/I14*-1*R14 -> 0 | AO14: =AM14*Q14 -> -0.00057321655 | AQ14: =J14 -> 1.818 | AR14: 0.24396819 | AS14: 0.24942761 | AT14: 0.24635668 | AU14: 0.23037491 | AW14: =AQ14 -> 1.818 | AY14: =AR14*F14 -> 0.52353133 | AZ14: =AS14*H14 -> 0 | BA14: =AT14*G14 -> 0 | BB14: =L14 -> 1.294457 | BC14: =K14 -> 0 | BE14: =AW14-SUM(AY14:BC14) -> 1.1691414e-05
B15: SW_Gasoline_Gasification_Non_CCS_Wood | C15: Biomass_Wood | D15: 0 | E15: 0 | F15: 2.126 | G15: 0 | H15: 0 | I15: =F15+G15+H15 -> 2.126 | J15: 1.798 | K15: 0 | L15: 1.2793347 | M15: 356053.6 | N15: 283503.36 | O15: 22.0416 | Q15: 105.211 | R15: -14.567418 | S15: 160 | T15: 120.28219 | U15: 137.47503 | V15: 107.55987 | W15: 27.957547 | Y15: =B15 -> SW_Gasoline_Gasification_Non_CCS_Wood | Z15: =C15 -> Biomass_Wood | AA15: =SUM(AD15:AI15)+AK15+AL15 -> 113.18846 | AB15: =SUM(AD15:AI15)+AN15+AO15 -> 113.18846 | AC15: =AA15-AB15 -> 0 | AD15: =D15/I15*W15*-1 -> 0 | AE15: =E15/I15*W15 -> 0 | AF15: {=_xlfn.IFS(C15="Biomass_Corn", 1/I15*S15, C15="Biomass_Agri", 1/I15*V15, C15="Biomass_Wood", 1/I15*U15, C15="Biomass_Herb", 1/I15*T15)} -> 64.663702 | AG15: =M15/I15/(0.9*8760) -> 21.242494 | AH15: =N15/I15/(0.9*8760) -> 16.914078 | AI15: =O15/I15 -> 10.367639 | AJ15: =(AY15+AZ15+BA15+BB15+BC15-AW15)/I15 -> 5.2077614e-06 | AK15: =(Q15+R15)*-1*K15/I15 -> 0 | AL15: =AJ15*Q15 -> 0.0005479138 | AM15: =(SUM(AY15:BB15)-AW15)/I15 -> 5.2077614e-06 | AN15: =K15/I15*-1*R15 -> 0 | AO15: =AM15*Q15 -> 0.0005479138 | AQ15: =J15 -> 1.798 | AR15: 0.24396819 | AS15: 0.24942761 | AT15: 0.24635668 | AU15: 0.23037491 | AW15: =AQ15 -> 1.798 | AY15: =AR15*F15 -> 0.51867636 | AZ15: =AS15*H15 -> 0 | BA15: =AT15*G15 -> 0 | BB15: =L15 -> 1.2793347 | BC15: =K15 -> 0 | BE15: =AW15-SUM(AY15:BC15) -> -1.1071701e-05
... B246: NE_FT_High_Jetfuel_CCS_99_Agri | C246: Biomass_Agri | D246: 0.4887 | E246: 0 | F246: 0.3028 | G246: 1.3499 | H246: 0 | I246: =F246+G246+H246 -> 1.6527 | J246: 1.715 | K246: 1.2958752 | L246: 0.012693112 | M246: 818543.04 | N246: 359028.32 | O246: 52.08 | Q246: 105.211 | R246: -58.833413 | S246: 160 | T246: 99.493747 | U246: 105.21396 | V246: 89.700445 | W246: 47.365061 | Y246: =B246 -> NE_FT_High_Jetfuel_CCS_99_Agri | Z246: =C246 -> Biomass_Agri | AA246: =SUM(AD246:AI246)+AK246+AL246 -> 125.7915 | AB246: =SUM(AD246:AI246)+AN246+AO246 -> 125.7915 | AC246: =AA246-AB246 -> 0 | AD246: =D246/I246*W246*-1 -> -14.005751 | AE246: =E246/I246*W246 -> 0 | AF246: {=_xlfn.IFS(C246="Biomass_Corn", 1/I246*S246, C246="Biomass_Agri", 1/I246*V246, C246="Biomass_Wood", 1/I246*U246, C246="Biomass_Herb", 1/I246*T246)} -> 54.275092 | AG246: =M246/I246/(0.9*8760) -> 62.820426 | AH246: =N246/I246/(0.9*8760) -> 27.554216 | AI246: =O246/I246 -> 31.512071 | AJ246: =(AY246+AZ246+BA246+BB246+BC246-AW246)/I246 -> -7.5539938e-07 | AK246: =(Q246+R246)*-1*K246/I246 -> -36.364475 | AL246: =AJ246*Q246 -> -7.9476326e-05 | AM246: =(SUM(AY246:BB246)-AW246)/I246 -> -0.78409659 | AN246: =K246/I246*-1*R246 -> 46.131034 | AO246: =AM246*Q246 -> -82.495589 | AQ246: =J246 -> 1.715 | AR246: 0.24396819 | AS246: 0.24942761 | AT246: 0.24635668 | AU246: 0.23037491 | AW246: =AQ246 -> 1.715 | AY246: =AR246*F246 -> 0.073873566 | AZ246: =AS246*H246 -> 0 | BA246: =AT246*G246 -> 0.33255689 | BB246: =L246 -> 0.012693112 | BC246: =K246 -> 1.2958752 | BE246: =AW246-SUM(AY246:BC246) -> 1.2484486e-06
I247: =F247+G247+H247 -> 0 | Y247: =B247 -> 0 | Z247: =C247 -> 0 | AA247: =SUM(AD247:AI247)+AK247+AL247 -> #DIV/0! | AB247: =SUM(AD247:AI247)+AN247+AO247 -> #DIV/0! | AC247: =AA247-AB247 -> #DIV/0! | AD247: =D247/I247*W247*-1 -> #DIV/0! | AE247: =E247/I247*W247 -> #DIV/0! | AF247: {=_xlfn.IFS(C247="Biomass_Corn", 1/I247*S247, C247="Biomass_Agri", 1/I247*V247, C247="Biomass_Wood", 1/I247*U247, C247="Biomass_Herb", 1/I247*T247)} -> #N/A | AG247: =M247/I247/(0.9*8760) -> #DIV/0! | AH247: =N247/I247/(0.9*8760) -> #DIV/0! | AI247: =O247/I247 -> #DIV/0! | AJ247: =(AY247+AZ247+BA247+BB247+BC247-AW247)/I247 -> #DIV/0! | AK247: =(Q247+R247)*-1*K247/I247 -> #DIV/0! | AL247: =AJ247*Q247 -> #DIV/0! | AM247: =(SUM(AY247:BB247)-AW247)/I247 -> #DIV/0! | AN247: =K247/I247*-1*R247 -> #DIV/0! | AO247: =AM247*Q247 -> #DIV/0! | AQ247: =J247 -> 0 | AR247: 0.24396819 | AS247: 0.24942761 | AT247: 0.24635668 | AU247: 0.23037491 | AW247: =AQ247 -> 0 | AY247: =AR247*F247 -> 0 | AZ247: =AS247*H247 -> 0 | BA247: =AT247*G247 -> 0 | BB247: =L247 -> 0 | BC247: =K247 -> 0 | BE247: =AW247-SUM(AY247:BC247) -> 0
I248: =F248+G248+H248 -> 0 | Y248: =B248 -> 0 | Z248: =C248 -> 0 | AA248: =SUM(AD248:AI248)+AK248+AL248 -> #DIV/0! | AB248: =SUM(AD248:AI248)+AN248+AO248 -> #DIV/0! | AC248: =AA248-AB248 -> #DIV/0! | AD248: =D248/I248*W248*-1 -> #DIV/0! | AE248: =E248/I248*W248 -> #DIV/0! | AF248: {=_xlfn.IFS(C248="Biomass_Corn", 1/I248*S248, C248="Biomass_Agri", 1/I248*V248, C248="Biomass_Wood", 1/I248*U248, C248="Biomass_Herb", 1/I248*T248)} -> #N/A | AG248: =M248/I248/(0.9*8760) -> #DIV/0! | AH248: =N248/I248/(0.9*8760) -> #DIV/0! | AI248: =O248/I248 -> #DIV/0! | AJ248: =(AY248+AZ248+BA248+BB248+BC248-AW248)/I248 -> #DIV/0! | AK248: =(Q248+R248)*-1*K248/I248 -> #DIV/0! | AL248: =AJ248*Q248 -> #DIV/0! | AM248: =(SUM(AY248:BB248)-AW248)/I248 -> #DIV/0! | AN248: =K248/I248*-1*R248 -> #DIV/0! | AO248: =AM248*Q248 -> #DIV/0! | AQ248: =J248 -> 0 | AR248: 0.24396819 | AS248: 0.24942761 | AT248: 0.24635668 | AU248: 0.23037491 | AW248: =AQ248 -> 0 | AY248: =AR248*F248 -> 0 | AZ248: =AS248*H248 -> 0 | BA248: =AT248*G248 -> 0 | BB248: =L248 -> 0 | BC248: =K248 -> 0 | BE248: =AW248-SUM(AY248:BC248) -> 0
I249: =F249+G249+H249 -> 0 | Y249: =B249 -> 0 | Z249: =C249 -> 0 | AA249: =SUM(AD249:AI249)+AK249+AL249 -> #DIV/0! | AB249: =SUM(AD249:AI249)+AN249+AO249 -> #DIV/0! | AC249: =AA249-AB249 -> #DIV/0! | AD249: =D249/I249*W249*-1 -> #DIV/0! | AE249: =E249/I249*W249 -> #DIV/0! | AF249: {=_xlfn.IFS(C249="Biomass_Corn", 1/I249*S249, C249="Biomass_Agri", 1/I249*V249, C249="Biomass_Wood", 1/I249*U249, C249="Biomass_Herb", 1/I249*T249)} -> #N/A | AG249: =M249/I249/(0.9*8760) -> #DIV/0! | AH249: =N249/I249/(0.9*8760) -> #DIV/0! | AI249: =O249/I249 -> #DIV/0! | AJ249: =(AY249+AZ249+BA249+BB249+BC249-AW249)/I249 -> #DIV/0! | AK249: =(Q249+R249)*-1*K249/I249 -> #DIV/0! | AL249: =AJ249*Q249 -> #DIV/0! | AM249: =(SUM(AY249:BB249)-AW249)/I249 -> #DIV/0! | AN249: =K249/I249*-1*R249 -> #DIV/0! | AO249: =AM249*Q249 -> #DIV/0! | AQ249: =J249 -> 0 | AR249: 0.24396819 | AS249: 0.24942761 | AT249: 0.24635668 | AU249: 0.23037491 | AW249: =AQ249 -> 0 | AY249: =AR249*F249 -> 0 | AZ249: =AS249*H249 -> 0 | BA249: =AT249*G249 -> 0 | BB249: =L249 -> 0 | BC249: =K249 -> 0 | BE249: =AW249-SUM(AY249:BC249) -> 0
I250: =F250+G250+H250 -> 0 | Y250: =B250 -> 0 | Z250: =C250 -> 0 | AA250: =SUM(AD250:AI250)+AK250+AL250 -> #DIV/0! | AB250: =SUM(AD250:AI250)+AN250+AO250 -> #DIV/0! | AC250: =AA250-AB250 -> #DIV/0! | AD250: =D250/I250*W250*-1 -> #DIV/0! | AE250: =E250/I250*W250 -> #DIV/0! | AF250: {=_xlfn.IFS(C250="Biomass_Corn", 1/I250*S250, C250="Biomass_Agri", 1/I250*V250, C250="Biomass_Wood", 1/I250*U250, C250="Biomass_Herb", 1/I250*T250)} -> #N/A | AG250: =M250/I250/(0.9*8760) -> #DIV/0! | AH250: =N250/I250/(0.9*8760) -> #DIV/0! | AI250: =O250/I250 -> #DIV/0! | AJ250: =(AY250+AZ250+BA250+BB250+BC250-AW250)/I250 -> #DIV/0! | AK250: =(Q250+R250)*-1*K250/I250 -> #DIV/0! | AL250: =AJ250*Q250 -> #DIV/0! | AM250: =(SUM(AY250:BB250)-AW250)/I250 -> #DIV/0! | AN250: =K250/I250*-1*R250 -> #DIV/0! | AO250: =AM250*Q250 -> #DIV/0! | AQ250: =J250 -> 0 | AR250: 0.24396819 | AS250: 0.24942761 | AT250: 0.24635668 | AU250: 0.23037491 | AW250: =AQ250 -> 0 | AY250: =AR250*F250 -> 0 | AZ250: =AS250*H250 -> 0 | BA250: =AT250*G250 -> 0 | BB250: =L250 -> 0 | BC250: =K250 -> 0 | BE250: =AW250-SUM(AY250:BC250) -> 0
I251: =F251+G251+H251 -> 0 | Y251: =B251 -> 0 | Z251: =C251 -> 0 | AA251: =SUM(AD251:AI251)+AK251+AL251 -> #DIV/0! | AB251: =SUM(AD251:AI251)+AN251+AO251 -> #DIV/0! | AC251: =AA251-AB251 -> #DIV/0! | AD251: =D251/I251*W251*-1 -> #DIV/0! | AE251: =E251/I251*W251 -> #DIV/0! | AF251: {=_xlfn.IFS(C251="Biomass_Corn", 1/I251*S251, C251="Biomass_Agri", 1/I251*V251, C251="Biomass_Wood", 1/I251*U251, C251="Biomass_Herb", 1/I251*T251)} -> #N/A | AG251: =M251/I251/(0.9*8760) -> #DIV/0! | AH251: =N251/I251/(0.9*8760) -> #DIV/0! | AI251: =O251/I251 -> #DIV/0! | AJ251: =(AY251+AZ251+BA251+BB251+BC251-AW251)/I251 -> #DIV/0! | AK251: =(Q251+R251)*-1*K251/I251 -> #DIV/0! | AL251: =AJ251*Q251 -> #DIV/0! | AM251: =(SUM(AY251:BB251)-AW251)/I251 -> #DIV/0! | AN251: =K251/I251*-1*R251 -> #DIV/0! | AO251: =AM251*Q251 -> #DIV/0! | AQ251: =J251 -> 0 | AR251: 0.24396819 | AS251: 0.24942761 | AT251: 0.24635668 | AU251: 0.23037491 | AW251: =AQ251 -> 0 | AY251: =AR251*F251 -> 0 | AZ251: =AS251*H251 -> 0 | BA251: =AT251*G251 -> 0 | BB251: =L251 -> 0 | BC251: =K251 -> 0 | BE251: =AW251-SUM(AY251:BC251) -> 0
I252: =F252+G252+H252 -> 0 | Y252: =B252 -> 0 | Z252: =C252 -> 0 | AA252: =SUM(AD252:AI252)+AK252+AL252 -> #DIV/0! | AB252: =SUM(AD252:AI252)+AN252+AO252 -> #DIV/0! | AC252: =AA252-AB252 -> #DIV/0! | AD252: =D252/I252*W252*-1 -> #DIV/0! | AE252: =E252/I252*W252 -> #DIV/0! | AF252: {=_xlfn.IFS(C252="Biomass_Corn", 1/I252*S252, C252="Biomass_Agri", 1/I252*V252, C252="Biomass_Wood", 1/I252*U252, C252="Biomass_Herb", 1/I252*T252)} -> #N/A | AG252: =M252/I252/(0.9*8760) -> #DIV/0! | AH252: =N252/I252/(0.9*8760) -> #DIV/0! | AI252: =O252/I252 -> #DIV/0! | AJ252: =(AY252+AZ252+BA252+BB252+BC252-AW252)/I252 -> #DIV/0! | AK252: =(Q252+R252)*-1*K252/I252 -> #DIV/0! | AL252: =AJ252*Q252 -> #DIV/0! | AM252: =(SUM(AY252:BB252)-AW252)/I252 -> #DIV/0! | AN252: =K252/I252*-1*R252 -> #DIV/0! | AO252: =AM252*Q252 -> #DIV/0! | AQ252: =J252 -> 0 | AR252: 0.24396819 | AS252: 0.24942761 | AT252: 0.24635668 | AU252: 0.23037491 | AW252: =AQ252 -> 0 | AY252: =AR252*F252 -> 0 | AZ252: =AS252*H252 -> 0 | BA252: =AT252*G252 -> 0 | BB252: =L252 -> 0 | BC252: =K252 -> 0 | BE252: =AW252-SUM(AY252:BC252) -> 0
I253: =F253+G253+H253 -> 0 | Y253: =B253 -> 0 | Z253: =C253 -> 0 | AA253: =SUM(AD253:AI253)+AK253+AL253 -> #DIV/0! | AB253: =SUM(AD253:AI253)+AN253+AO253 -> #DIV/0! | AC253: =AA253-AB253 -> #DIV/0! | AD253: =D253/I253*W253*-1 -> #DIV/0! | AE253: =E253/I253*W253 -> #DIV/0! | AF253: {=_xlfn.IFS(C253="Biomass_Corn", 1/I253*S253, C253="Biomass_Agri", 1/I253*V253, C253="Biomass_Wood", 1/I253*U253, C253="Biomass_Herb", 1/I253*T253)} -> #N/A | AG253: =M253/I253/(0.9*8760) -> #DIV/0! | AH253: =N253/I253/(0.9*8760) -> #DIV/0! | AI253: =O253/I253 -> #DIV/0! | AJ253: =(AY253+AZ253+BA253+BB253+BC253-AW253)/I253 -> #DIV/0! | AK253: =(Q253+R253)*-1*K253/I253 -> #DIV/0! | AL253: =AJ253*Q253 -> #DIV/0! | AM253: =(SUM(AY253:BB253)-AW253)/I253 -> #DIV/0! | AN253: =K253/I253*-1*R253 -> #DIV/0! | AO253: =AM253*Q253 -> #DIV/0! | AQ253: =J253 -> 0 | AR253: 0.24396819 | AS253: 0.24942761 | AT253: 0.24635668 | AU253: 0.23037491 | AW253: =AQ253 -> 0 | AY253: =AR253*F253 -> 0 | AZ253: =AS253*H253 -> 0 | BA253: =AT253*G253 -> 0 | BB253: =L253 -> 0 | BC253: =K253 -> 0 | BE253: =AW253-SUM(AY253:BC253) -> 0
I254: =F254+G254+H254 -> 0 | Y254: =B254 -> 0 | Z254: =C254 -> 0 | AA254: =SUM(AD254:AI254)+AK254+AL254 -> #DIV/0! | AB254: =SUM(AD254:AI254)+AN254+AO254 -> #DIV/0! | AC254: =AA254-AB254 -> #DIV/0! | AD254: =D254/I254*W254*-1 -> #DIV/0! | AE254: =E254/I254*W254 -> #DIV/0! | AF254: {=_xlfn.IFS(C254="Biomass_Corn", 1/I254*S254, C254="Biomass_Agri", 1/I254*V254, C254="Biomass_Wood", 1/I254*U254, C254="Biomass_Herb", 1/I254*T254)} -> #N/A | AG254: =M254/I254/(0.9*8760) -> #DIV/0! | AH254: =N254/I254/(0.9*8760) -> #DIV/0! | AI254: =O254/I254 -> #DIV/0! | AJ254: =(AY254+AZ254+BA254+BB254+BC254-AW254)/I254 -> #DIV/0! | AK254: =(Q254+R254)*-1*K254/I254 -> #DIV/0! | AL254: =AJ254*Q254 -> #DIV/0! | AM254: =(SUM(AY254:BB254)-AW254)/I254 -> #DIV/0! | AN254: =K254/I254*-1*R254 -> #DIV/0! | AO254: =AM254*Q254 -> #DIV/0! | AQ254: =J254 -> 0 | AR254: 0.24396819 | AS254: 0.24942761 | AT254: 0.24635668 | AU254: 0.23037491 | AW254: =AQ254 -> 0 | AY254: =AR254*F254 -> 0 | AZ254: =AS254*H254 -> 0 | BA254: =AT254*G254 -> 0 | BB254: =L254 -> 0 | BC254: =K254 -> 0 | BE254: =AW254-SUM(AY254:BC254) -> 0
I255: =F255+G255+H255 -> 0 | Y255: =B255 -> 0 | Z255: =C255 -> 0 | AA255: =SUM(AD255:AI255)+AK255+AL255 -> #DIV/0! | AB255: =SUM(AD255:AI255)+AN255+AO255 -> #DIV/0! | AC255: =AA255-AB255 -> #DIV/0! | AD255: =D255/I255*W255*-1 -> #DIV/0! | AE255: =E255/I255*W255 -> #DIV/0! | AF255: {=_xlfn.IFS(C255="Biomass_Corn", 1/I255*S255, C255="Biomass_Agri", 1/I255*V255, C255="Biomass_Wood", 1/I255*U255, C255="Biomass_Herb", 1/I255*T255)} -> #N/A | AG255: =M255/I255/(0.9*8760) -> #DIV/0! | AH255: =N255/I255/(0.9*8760) -> #DIV/0! | AI255: =O255/I255 -> #DIV/0! | AJ255: =(AY255+AZ255+BA255+BB255+BC255-AW255)/I255 -> #DIV/0! | AK255: =(Q255+R255)*-1*K255/I255 -> #DIV/0! | AL255: =AJ255*Q255 -> #DIV/0! | AM255: =(SUM(AY255:BB255)-AW255)/I255 -> #DIV/0! | AN255: =K255/I255*-1*R255 -> #DIV/0! | AO255: =AM255*Q255 -> #DIV/0! | AQ255: =J255 -> 0 | AR255: 0.24396819 | AS255: 0.24942761 | AT255: 0.24635668 | AU255: 0.23037491 | AW255: =AQ255 -> 0 | AY255: =AR255*F255 -> 0 | AZ255: =AS255*H255 -> 0 | BA255: =AT255*G255 -> 0 | BB255: =L255 -> 0 | BC255: =K255 -> 0 | BE255: =AW255-SUM(AY255:BC255) -> 0
I256: =F256+G256+H256 -> 0 | Y256: =B256 -> 0 | Z256: =C256 -> 0 | AA256: =SUM(AD256:AI256)+AK256+AL256 -> #DIV/0! | AB256: =SUM(AD256:AI256)+AN256+AO256 -> #DIV/0! | AC256: =AA256-AB256 -> #DIV/0! | AD256: =D256/I256*W256*-1 -> #DIV/0! | AE256: =E256/I256*W256 -> #DIV/0! | AF256: {=_xlfn.IFS(C256="Biomass_Corn", 1/I256*S256, C256="Biomass_Agri", 1/I256*V256, C256="Biomass_Wood", 1/I256*U256, C256="Biomass_Herb", 1/I256*T256)} -> #N/A | AG256: =M256/I256/(0.9*8760) -> #DIV/0! | AH256: =N256/I256/(0.9*8760) -> #DIV/0! | AI256: =O256/I256 -> #DIV/0! | AJ256: =(AY256+AZ256+BA256+BB256+BC256-AW256)/I256 -> #DIV/0! | AK256: =(Q256+R256)*-1*K256/I256 -> #DIV/0! | AL256: =AJ256*Q256 -> #DIV/0! | AM256: =(SUM(AY256:BB256)-AW256)/I256 -> #DIV/0! | AN256: =K256/I256*-1*R256 -> #DIV/0! | AO256: =AM256*Q256 -> #DIV/0! | AQ256: =J256 -> 0 | AR256: 0.24396819 | AS256: 0.24942761 | AT256: 0.24635668 | AU256: 0.23037491 | AW256: =AQ256 -> 0 | AY256: =AR256*F256 -> 0 | AZ256: =AS256*H256 -> 0 | BA256: =AT256*G256 -> 0 | BB256: =L256 -> 0 | BC256: =K256 -> 0 | BE256: =AW256-SUM(AY256:BC256) -> 0
I257: =F257+G257+H257 -> 0 | Y257: =B257 -> 0 | Z257: =C257 -> 0 | AA257: =SUM(AD257:AI257)+AK257+AL257 -> #DIV/0! | AB257: =SUM(AD257:AI257)+AN257+AO257 -> #DIV/0! | AC257: =AA257-AB257 -> #DIV/0! | AD257: =D257/I257*W257*-1 -> #DIV/0! | AE257: =E257/I257*W257 -> #DIV/0! | AF257: {=_xlfn.IFS(C257="Biomass_Corn", 1/I257*S257, C257="Biomass_Agri", 1/I257*V257, C257="Biomass_Wood", 1/I257*U257, C257="Biomass_Herb", 1/I257*T257)} -> #N/A | AG257: =M257/I257/(0.9*8760) -> #DIV/0! | AH257: =N257/I257/(0.9*8760) -> #DIV/0! | AI257: =O257/I257 -> #DIV/0! | AJ257: =(AY257+AZ257+BA257+BB257+BC257-AW257)/I257 -> #DIV/0! | AK257: =(Q257+R257)*-1*K257/I257 -> #DIV/0! | AL257: =AJ257*Q257 -> #DIV/0! | AM257: =(SUM(AY257:BB257)-AW257)/I257 -> #DIV/0! | AN257: =K257/I257*-1*R257 -> #DIV/0! | AO257: =AM257*Q257 -> #DIV/0! | AQ257: =J257 -> 0 | AR257: 0.24396819 | AS257: 0.24942761 | AT257: 0.24635668 | AU257: 0.23037491 | AW257: =AQ257 -> 0 | AY257: =AR257*F257 -> 0 | AZ257: =AS257*H257 -> 0 | BA257: =AT257*G257 -> 0 | BB257: =L257 -> 0 | BC257: =K257 -> 0 | BE257: =AW257-SUM(AY257:BC257) -> 0
I258: =F258+G258+H258 -> 0 | Y258: =B258 -> 0 | Z258: =C258 -> 0 | AA258: =SUM(AD258:AI258)+AK258+AL258 -> #DIV/0! | AB258: =SUM(AD258:AI258)+AN258+AO258 -> #DIV/0! | AC258: =AA258-AB258 -> #DIV/0! | AD258: =D258/I258*W258*-1 -> #DIV/0! | AE258: =E258/I258*W258 -> #DIV/0! | AF258: {=_xlfn.IFS(C258="Biomass_Corn", 1/I258*S258, C258="Biomass_Agri", 1/I258*V258, C258="Biomass_Wood", 1/I258*U258, C258="Biomass_Herb", 1/I258*T258)} -> #N/A | AG258: =M258/I258/(0.9*8760) -> #DIV/0! | AH258: =N258/I258/(0.9*8760) -> #DIV/0! | AI258: =O258/I258 -> #DIV/0! | AJ258: =(AY258+AZ258+BA258+BB258+BC258-AW258)/I258 -> #DIV/0! | AK258: =(Q258+R258)*-1*K258/I258 -> #DIV/0! | AL258: =AJ258*Q258 -> #DIV/0! | AM258: =(SUM(AY258:BB258)-AW258)/I258 -> #DIV/0! | AN258: =K258/I258*-1*R258 -> #DIV/0! | AO258: =AM258*Q258 -> #DIV/0! | AQ258: =J258 -> 0 | AR258: 0.24396819 | AS258: 0.24942761 | AT258: 0.24635668 | AU258: 0.23037491 | AW258: =AQ258 -> 0 | AY258: =AR258*F258 -> 0 | AZ258: =AS258*H258 -> 0 | BA258: =AT258*G258 -> 0 | BB258: =L258 -> 0 | BC258: =K258 -> 0 | BE258: =AW258-SUM(AY258:BC258) -> 0
... I326: =F326+G326+H326 -> 0 | Y326: =B326 -> 0 | Z326: =C326 -> 0 | AA326: =SUM(AD326:AI326)+AK326+AL326 -> #DIV/0! | AB326: =SUM(AD326:AI326)+AN326+AO326 -> #DIV/0! | AC326: =AA326-AB326 -> #DIV/0! | AD326: =D326/I326*W326*-1 -> #DIV/0! | AE326: =E326/I326*W326 -> #DIV/0! | AF326: {=_xlfn.IFS(C326="Biomass_Corn", 1/I326*S326, C326="Biomass_Agri", 1/I326*V326, C326="Biomass_Wood", 1/I326*U326, C326="Biomass_Herb", 1/I326*T326)} -> #N/A | AG326: =M326/I326/(0.9*8760) -> #DIV/0! | AH326: =N326/I326/(0.9*8760) -> #DIV/0! | AI326: =O326/I326 -> #DIV/0! | AJ326: =(AY326+AZ326+BA326+BB326+BC326-AW326)/I326 -> #DIV/0! | AK326: =(Q326+R326)*-1*K326/I326 -> #DIV/0! | AL326: =AJ326*Q326 -> #DIV/0! | AM326: =(SUM(AY326:BB326)-AW326)/I326 -> #DIV/0! | AN326: =K326/I326*-1*R326 -> #DIV/0! | AO326: =AM326*Q326 -> #DIV/0! | AQ326: =J326 -> 0 | AR326: 0.24396819 | AS326: 0.24942761 | AT326: 0.24635668 | AU326: 0.23037491 | AW326: =AQ326 -> 0 | AY326: =AR326*F326 -> 0 | AZ326: =AS326*H326 -> 0 | BA326: =AT326*G326 -> 0 | BB326: =L326 -> 0 | BC326: =K326 -> 0 | BE326: =AW326-SUM(AY326:BC326) -> 0

Sheet lc_summary
B1: UNSORTED
B2: id | C2: elec_production | D2: elec_consumption | E2: biomass_consumption | F2: investment_cost | G2: fixed_om_cost | H2: variable_om_cost | I2: modified capture cost | J2: modified emissions cost | K2: LCOE ($/MWh-ethanol)
B3: =lc_detailed!B4 -> CA_Gasoline_Gasification_Non_CCS_Herb | C3: =lc_detailed!AD4 -> 0 | D3: =lc_detailed!AE4 -> 0 | E3: =lc_detailed!AF4 -> 155233.11 | F3: =lc_detailed!AG4 -> 22.352773 | G3: =lc_detailed!AH4 -> 17.798124 | H3: =lc_detailed!AI4 -> 10.909523 | I3: =lc_detailed!AK4 -> 0 | J3: =lc_detailed!AL4 -> -0.00043709405 | K3: =lc_detailed!AB4 -> 155284.17
B4: =lc_detailed!B5 -> NW_Gasoline_Gasification_Non_CCS_Herb | C4: =lc_detailed!AD5 -> 0 | D4: =lc_detailed!AE5 -> 0 | E4: =lc_detailed!AF5 -> 64.692875 | F4: =lc_detailed!AG5 -> 22.303098 | G4: =lc_detailed!AH5 -> 17.758571 | H4: =lc_detailed!AI5 -> 10.885278 | I4: =lc_detailed!AK5 -> 0 | J4: =lc_detailed!AL5 -> 0.00028697672 | K4: =lc_detailed!AB5 -> 115.64011
B5: =lc_detailed!B6 -> SW_Gasoline_Gasification_Non_CCS_Herb | C5: =lc_detailed!AD6 -> 0 | D5: =lc_detailed!AE6 -> 0 | E5: =lc_detailed!AF6 -> 59.79726 | F5: =lc_detailed!AG6 -> 22.451674 | G5: =lc_detailed!AH6 -> 17.876873 | H5: =lc_detailed!AI6 -> 10.957793 | I5: =lc_detailed!AK6 -> 0 | J5: =lc_detailed!AL6 -> -0.00061879148 | K5: =lc_detailed!AB6 -> 111.08298
B6: =lc_detailed!B7 -> TX_Gasoline_Gasification_Non_CCS_Herb | C6: =lc_detailed!AD7 -> 0 | D6: =lc_detailed!AE7 -> 0 | E6: =lc_detailed!AF7 -> 65.950139 | F6: =lc_detailed!AG7 -> 22.401559 | G6: =lc_detailed!AH7 -> 17.836969 | H6: =lc_detailed!AI7 -> 10.933333 | I6: =lc_detailed!AK7 -> 0 | J6: =lc_detailed!AL7 -> 0.00010888141 | K6: =lc_detailed!AB7 -> 117.12211
B7: =lc_detailed!B8 -> NCEN_Gasoline_Gasification_Non_CCS_Herb | C7: =lc_detailed!AD8 -> 0 | D7: =lc_detailed!AE8 -> 0 | E7: =lc_detailed!AF8 -> 49.46132 | F7: =lc_detailed!AG8 -> 22.169526 | G7: =lc_detailed!AH8 -> 17.652217 | H7: =lc_detailed!AI8 -> 10.820087 | I7: =lc_detailed!AK8 -> 0 | J7: =lc_detailed!AL8 -> 5.6814143e-05 | K7: =lc_detailed!AB8 -> 100.10321
B8: =lc_detailed!B9 -> CEN_Gasoline_Gasification_Non_CCS_Herb | C8: =lc_detailed!AD9 -> 0 | D8: =lc_detailed!AE9 -> 0 | E8: =lc_detailed!AF9 -> 52.855526 | F8: =lc_detailed!AG9 -> 22.303098 | G8: =lc_detailed!AH9 -> 17.758571 | H8: =lc_detailed!AI9 -> 10.885278 | I8: =lc_detailed!AK9 -> 0 | J8: =lc_detailed!AL9 -> 0.00028697672 | K8: =lc_detailed!AB9 -> 103.80276
B9: =lc_detailed!B10 -> SE_Gasoline_Gasification_Non_CCS_Herb | C9: =lc_detailed!AD10 -> 0 | D9: =lc_detailed!AE10 -> 0 | E9: =lc_detailed!AF10 -> 48.277646 | F9: =lc_detailed!AG10 -> 22.34061 | G9: =lc_detailed!AH10 -> 17.788439 | H9: =lc_detailed!AI10 -> 10.903586 | I9: =lc_detailed!AK10 -> 0 | J9: =lc_detailed!AL10 -> -0.00057321655 | K9: =lc_detailed!AB10 -> 99.309709
B10: =lc_detailed!B11 -> MIDAT_Gasoline_Gasification_Non_CCS_Herb | C10: =lc_detailed!AD11 -> 0 | D10: =lc_detailed!AE11 -> 0 | E10: =lc_detailed!AF11 -> 48.559793 | F10: =lc_detailed!AG11 -> 22.217515 | G10: =lc_detailed!AH11 -> 17.690427 | H10: =lc_detailed!AI11 -> 10.843509 | I10: =lc_detailed!AK11 -> 0 | J10: =lc_detailed!AL11 -> 0.00059937317 | K10: =lc_detailed!AB11 -> 99.311842
B11: =lc_detailed!B12 -> NE_Gasoline_Gasification_Non_CCS_Herb | C11: =lc_detailed!AD12 -> 0 | D11: =lc_detailed!AE12 -> 0 | E11: =lc_detailed!AF12 -> 48.761883 | F11: =lc_detailed!AG12 -> 22.133671 | G11: =lc_detailed!AH12 -> 17.623667 | H11: =lc_detailed!AI12 -> 10.802588 | I11: =lc_detailed!AK12 -> 0 | J11: =lc_detailed!AL12 -> -0.00034856951 | K11: =lc_detailed!AB12 -> 99.321461
B12: =lc_detailed!B13 -> CA_Gasoline_Gasification_Non_CCS_Wood | C12: =lc_detailed!AD13 -> 0 | D12: =lc_detailed!AE13 -> 0 | E12: =lc_detailed!AF13 -> 71.631781 | F12: =lc_detailed!AG13 -> 21.001461 | G12: =lc_detailed!AH13 -> 16.722159 | H12: =lc_detailed!AI13 -> 10.25 | I12: =lc_detailed!AK13 -> 0 | J12: =lc_detailed!AL13 -> 0.00010888141 | K12: =lc_detailed!AB13 -> 119.60551
B13: =lc_detailed!B14 -> NW_Gasoline_Gasification_Non_CCS_Wood | C13: =lc_detailed!AD14 -> 0 | D13: =lc_detailed!AE14 -> 0 | E13: =lc_detailed!AF14 -> 69.461145 | F13: =lc_detailed!AG14 -> 21.045502 | G13: =lc_detailed!AH14 -> 16.757226 | H13: =lc_detailed!AI14 -> 10.271494 | I13: =lc_detailed!AK14 -> 0 | J13: =lc_detailed!AL14 -> -0.00057321655 | K13: =lc_detailed!AB14 -> 117.53479
B14: =lc_detailed!B15 -> SW_Gasoline_Gasification_Non_CCS_Wood | C14: =lc_detailed!AD15 -> 0 | D14: =lc_detailed!AE15 -> 0 | E14: =lc_detailed!AF15 -> 64.663702 | F14: =lc_detailed!AG15 -> 21.242494 | G14: =lc_detailed!AH15 -> 16.914078 | H14: =lc_detailed!AI15 -> 10.367639 | I14: =lc_detailed!AK15 -> 0 | J14: =lc_detailed!AL15 -> 0.0005479138 | K14: =lc_detailed!AB15 -> 113.18846
... B74: =lc_detailed!B75 -> NE_Gasoline_Gasification_CCS_99_Wood | C74: =lc_detailed!AD75 -> 0 | D74: =lc_detailed!AE75 -> 26.176973 | E74: =lc_detailed!AF75 -> 50.144866 | F74: =lc_detailed!AG75 -> 35.695741 | G74: =lc_detailed!AH75 -> 26.273019 | H74: =lc_detailed!AI75 -> 13.697074 | I74: =lc_detailed!AK75 -> -28.846012 | J74: =lc_detailed!AL75 -> 0.00016954268 | K74: =lc_detailed!AB75 -> 123.14183
