Workbook

Sheet lc_detailed
B2: Asset Parameters (normalized by commodity feedstock) | P2: Duals | X2: LCOE for ethanol production ($/MWh-ethanol) | Z2: CI | AA2: CREDIT | AJ2: NET CARBON INTENSITY + credit for capture | AM2: CREDIT for capture/storage + PAY for storage | AQ2: Carbon Content | AW2: Carbon Inputs | AY2: Carbon Outputs | BE2: Sanity Checks
B3: id | C3: commodity | D3: elec_production (MWh/t-bio) | E3: elec_consumption (MWh/t-bio) | F3: gasoline_production (MWh-gasoline/t-bio) | G3: jetfuel_production (MWh-jetfuel/t-bio) | H3: diesel_production (MWh-diesel/t-bio) | I3: co2_biomass_content (t-CO2/t-bio) | J3: process_capture_rate (t-CO2/t-bio) | K3: process_emission_rate (t-CO2/t-bio) | L3: investment_cost ($/yr per t-bio/hr) | M3: fixed_om_cost ($/yr per t-bio/hr) | N3: variable_om_cost ($/t-bio) | P3: co2_sink ($/t) | Q3: co2_captured ($/t) | R3: biocorn_supply ($/t) | S3: bioherb_supply ($/t) | T3: biowood_supply ($/t) | U3: bioagri_supply ($/t) | V3: elec_demand ($/MWh) | X3: id_LC | Y3: commodity_LC | Z3: LCOE ($/MWh-ethanol) | AA3: LCOE ($/MWh-ethanol) | AB3: Diff. Between Methods ($/MWh) | AC3: elec_production | AD3: elec_consumption | AE3: biomass_consumption | AF3: natgas_consumption | AG3: investment_cost | AH3: fixed_om_cost | AI3: variable_om_cost | AJ3: CI | AK3: modified capture cost | AL3: modified emissions cost | AM3: CI | AN3: modified capture cost | AO3: modified emissions cost | AQ3: Biomass CO2 content (t-CO2/t-bio) | AR3: Gasoline (t-CO2/MWh-gasoline) | AS3: Diesel (t-CO2/MWh-diesel) | AT3: JetFuel (t-CO2/MWh-jetfuel) | AU3: Ethanol (t-CO2/MWh-ethanol) | AW3: Biomass (t-CO2/MWh-ethanol) | AY3: Gasoline (t-CO2/MWh-ethanol) | AZ3: Diesel (t-CO2/MWh-ethanol) | BA3: JetFuel (t-CO2/MWh-ethanol) | BB3: Process Emissions (t-CO2/MWh-ethanol) | BC3: Process Captured (t-CO2/MWh-ethanol) | BE3: Carbon INPUT - OUTPUT
B4: CA_Gasoline_Gasification_Non_CCS_Herb | C4: Biomass_Herb | D4: 0.2142 | E4: 0 | H4: 1.9848 | I4: 1.723 | J4: 0 | K4: 1.2657602 | L4: 273134.22 | M4: 144062.46 | N4: 0.45 | P4: 109.47979 | Q4: -31.70346 | R4: 170 | S4: 110.46152 | T4: 127.40875 | U4: 98.832478 | V4: 25.324637 | X4: =B4 -> CA_Gasoline_Gasification_Non_CCS_Herb | Y4: =C4 -> Biomass_Herb | Z4: =SUM(AC4:AI4)+AK4+AL4 -> #REF! | AA4: =SUM(AC4:AI4)+AN4+AO4 -> #REF! | AB4: =Z4-AA4 -> #REF! | AC4: =D4/H4*V4*-1 -> -2.7330397 | AD4: =E4/H4*V4 -> 0 | AE4: {=_xlfn.IFS(C4="Biomass_Corn", 1/H4*R4, C4="Biomass_Agri", 1/H4*U4, C4="Biomass_Wood", 1/H4*T4, C4="Biomass_Herb", 1/H4*S4)} -> 55.653727 | AF4: =#REF!/H4*#REF! -> #REF! | AG4: =L4/H4/(0.9*8760) -> 17.454714 | AH4: =M4/H4/(0.9*8760) -> 9.2063495 | AI4: =N4/H4 -> 0.2267231 | AJ4: =AY4+BB4+BC4-AW4+#REF!+#REF! -> #REF! | AK4: =(P4+Q4)*-1*(J4+#REF!)/H4 -> #REF! | AL4: =AJ4*P4 -> #REF! | AM4: =SUM(AY4:BB4)-AW4 -> 0.26469321 | AN4: =(J4+#REF!)/H4*-1*Q4 -> #REF! | AO4: =AM4*P4 -> 28.978558 | AQ4: =I4 -> 1.723 | AR4: 0.24396819 | AS4: 0.24942761 | AT4: 0.24635668 | AU4: 0.23037491 | AW4: =AQ4/H4 -> 0.86809754 | AY4: =AR4*F4 -> 0 | AZ4: =AS4*H4 -> 0.49506393 | BB4: =K4/H4 -> 0.63772682 | BC4: =J4/H4 -> 0 | BE4: =#REF!-#REF! -> #REF!
B5: CA_Gasoline_Gasification_Non_CCS_Herb | C5: Biomass_Herb | D5: 0.215 | E5: 0 | H5: 1.9924 | I5: 1.736 | J5: 0 | K5: 1.2770045 | L5: 273134.22 | M5: 144062.46 | N5: 0.45 | P5: 109.47979 | Q5: -54.115443 | R5: 170 | S5: 100.77374 | T5: 108.66807 | U5: 89.424565 | V5: 39.359472 | X5: =B5 -> CA_Gasoline_Gasification_Non_CCS_Herb | Y5: =C5 -> Biomass_Herb | Z5: =SUM(AC5:AI5)+AK5+AL5 -> #REF! | AA5: =SUM(AC5:AI5)+AN5+AO5 -> #REF! | AB5: =Z5-AA5 -> #REF! | AC5: =D5/H5*V5*-1 -> -4.2472829 | AD5: =E5/H5*V5 -> 0 | AE5: {=_xlfn.IFS(C5="Biomass_Corn", 1/H5*R5, C5="Biomass_Agri", 1/H5*U5, C5="Biomass_Wood", 1/H5*T5, C5="Biomass_Herb", 1/H5*S5)} -> 50.579072 | AF5: =#REF!/H5*#REF! -> #REF! | AG5: =L5/H5/(0.9*8760) -> 17.388134 | AH5: =M5/H5/(0.9*8760) -> 9.171232 | AI5: =N5/H5 -> 0.22585826 | AJ5: =AY5+BB5+BC5-AW5+#REF!+#REF! -> #REF! | AK5: =(P5+Q5)*-1*(J5+#REF!)/H5 -> #REF! | AL5: =AJ5*P5 -> #REF! | AM5: =SUM(AY5:BB5)-AW5 -> 1.7318957e-06 | AN5: =(J5+#REF!)/H5*-1*Q5 -> #REF! | AO5: =AM5*P5 -> 0.00018960759 | AQ5: =I5 -> 1.736 | AR5: 0.24396819 | AS5: 0.24942761 | AT5: 0.24635668 | AU5: 0.23037491 | AW5: =AQ5/H5 -> 0.87131098 | AY5: =AU5 -> 0.23037491 | BB5: =K5/H5 -> 0.6409378 | BC5: =J5/H5 -> 0 | BE5: =#REF!-#REF! -> #REF!
B6: CA_Gasoline_Gasification_Non_CCS_Herb | C6: Biomass_Herb | D6: 0.2155 | E6: 0 | H6: 1.9967 | I6: 1.74 | J6: 0 | K6: 1.2800012 | L6: 273134.22 | M6: 144062.46 | N6: 0.45 | P6: 109.47979 | Q6: -41.717135 | R6: 170 | S6: 104.16738 | T6: 115.52639 | U6: 92.044978 | V6: 30.708173 | X6: =B6 -> CA_Gasoline_Gasification_Non_CCS_Herb | Y6: =C6 -> Biomass_Herb | Z6: =SUM(AC6:AI6)+AK6+AL6 -> #REF! | AA6: =SUM(AC6:AI6)+AN6+AO6 -> #REF! | AB6: =Z6-AA6 -> #REF! | AC6: =D6/H6*V6*-1 -> -3.3142742 | AD6: =E6/H6*V6 -> 0 | AE6: {=_xlfn.IFS(C6="Biomass_Corn", 1/H6*R6, C6="Biomass_Agri", 1/H6*U6, C6="Biomass_Wood", 1/H6*T6, C6="Biomass_Herb", 1/H6*S6)} -> 52.169771 | AF6: =#REF!/H6*#REF! -> #REF! | AG6: =L6/H6/(0.9*8760) -> 17.350687 | AH6: =M6/H6/(0.9*8760) -> 9.1514812 | AI6: =N6/H6 -> 0.22537186 | AJ6: =AY6+BB6+BC6-AW6+#REF!+#REF! -> #REF! | AK6: =(P6+Q6)*-1*(J6+#REF!)/H6 -> #REF! | AL6: =AJ6*P6 -> #REF! | AM6: =SUM(AY6:BB6)-AW6 -> -4.6106848e-06 | AN6: =(J6+#REF!)/H6*-1*Q6 -> #REF! | AO6: =AM6*P6 -> -0.00050477682 | AQ6: =I6 -> 1.74 | AR6: 0.24396819 | AS6: 0.24942761 | AT6: 0.24635668 | AU6: 0.23037491 | AW6: =AQ6/H6 -> 0.87143787 | AY6: =AU6 -> 0.23037491 | BB6: =K6/H6 -> 0.64105835 | BC6: =J6/H6 -> 0 | BE6: =#REF!-#REF! -> #REF!
B7: CA_Gasoline_Gasification_Non_CCS_Herb | C7: Biomass_Herb | D7: 0.2138 | E7: 0 | H7: 1.9815 | I7: 1.717 | J7: 0 | K7: 1.2605127 | L7: 273134.22 | M7: 144062.46 | N7: 0.45 | P7: 109.47979 | Q7: -47.70091 | R7: 170 | S7: 99.632843 | T7: 113.22702 | U7: 88.855315 | V7: 38.218446 | X7: =B7 -> CA_Gasoline_Gasification_Non_CCS_Herb | Y7: =C7 -> Biomass_Herb | Z7: =SUM(AC7:AI7)+AK7+AL7 -> #REF! | AA7: =SUM(AC7:AI7)+AN7+AO7 -> #REF! | AB7: =Z7-AA7 -> #REF! | AC7: =D7/H7*V7*-1 -> -4.1236961 | AD7: =E7/H7*V7 -> 0 | AE7: {=_xlfn.IFS(C7="Biomass_Corn", 1/H7*R7, C7="Biomass_Agri", 1/H7*U7, C7="Biomass_Wood", 1/H7*T7, C7="Biomass_Herb", 1/H7*S7)} -> 50.281526 | AF7: =#REF!/H7*#REF! -> #REF! | AG7: =L7/H7/(0.9*8760) -> 17.483784 | AH7: =M7/H7/(0.9*8760) -> 9.2216818 | AI7: =N7/H7 -> 0.22710068 | AJ7: =AY7+BB7+BC7-AW7+#REF!+#REF! -> #REF! | AK7: =(P7+Q7)*-1*(J7+#REF!)/H7 -> #REF! | AL7: =AJ7*P7 -> #REF! | AM7: =SUM(AY7:BB7)-AW7 -> 2.7067917e-07 | AN7: =(J7+#REF!)/H7*-1*Q7 -> #REF! | AO7: =AM7*P7 -> 2.96339e-05 | AQ7: =I7 -> 1.717 | AR7: 0.24396819 | AS7: 0.24942761 | AT7: 0.24635668 | AU7: 0.23037491 | AW7: =AQ7/H7 -> 0.86651527 | AY7: =AU7 -> 0.23037491 | BB7: =K7/H7 -> 0.63614063 | BC7: =J7/H7 -> 0 | BE7: =#REF!-#REF! -> #REF!
B8: CA_Gasoline_Gasification_Non_CCS_Herb | C8: Biomass_Herb | D8: 0.2132 | E8: 0 | H8: 1.9761 | I8: 1.714 | J8: 0 | K8: 1.2587667 | L8: 273134.22 | M8: 144062.46 | N8: 0.45 | P8: 109.47979 | Q8: -21.506692 | R8: 170 | S8: 137.93465 | T8: 157.88135 | U8: 111.36485 | V8: 20.230252 | X8: =B8 -> CA_Gasoline_Gasification_Non_CCS_Herb | Y8: =C8 -> Biomass_Herb | Z8: =SUM(AC8:AI8)+AK8+AL8 -> #REF! | AA8: =SUM(AC8:AI8)+AN8+AO8 -> #REF! | AB8: =Z8-AA8 -> #REF! | AC8: =D8/H8*V8*-1 -> -2.1826273 | AD8: =E8/H8*V8 -> 0 | AE8: {=_xlfn.IFS(C8="Biomass_Corn", 1/H8*R8, C8="Biomass_Agri", 1/H8*U8, C8="Biomass_Wood", 1/H8*T8, C8="Biomass_Herb", 1/H8*S8)} -> 69.801451 | AF8: =#REF!/H8*#REF! -> #REF! | AG8: =L8/H8/(0.9*8760) -> 17.531561 | AH8: =M8/H8/(0.9*8760) -> 9.2468815 | AI8: =N8/H8 -> 0.22772127 | AJ8: =AY8+BB8+BC8-AW8+#REF!+#REF! -> #REF! | AK8: =(P8+Q8)*-1*(J8+#REF!)/H8 -> #REF! | AL8: =AJ8*P8 -> #REF! | AM8: =SUM(AY8:BB8)-AW8 -> 5.3630672e-06 | AN8: =(J8+#REF!)/H8*-1*Q8 -> #REF! | AO8: =AM8*P8 -> 0.0005871475 | AQ8: =I8 -> 1.714 | AR8: 0.24396819 | AS8: 0.24942761 | AT8: 0.24635668 | AU8: 0.23037491 | AW8: =AQ8/H8 -> 0.86736501 | AY8: =AU8 -> 0.23037491 | BB8: =K8/H8 -> 0.63699546 | BC8: =J8/H8 -> 0 | BE8: =#REF!-#REF! -> #REF!
B9: CA_Gasoline_Gasification_Non_CCS_Herb | C9: Biomass_Wood | D9: 0.2241 | E9: 0 | H9: 2.0762 | I9: 1.802 | J9: 0 | K9: 1.3236916 | L9: 273134.22 | M9: 144062.46 | N9: 0.45 | P9: 109.47979 | Q9: -31.70346 | R9: 170 | S9: 110.46152 | T9: 127.40875 | U9: 98.832478 | V9: 25.324637 | X9: =B9 -> CA_Gasoline_Gasification_Non_CCS_Herb | Y9: =C9 -> Biomass_Wood | Z9: =SUM(AC9:AI9)+AK9+AL9 -> #REF! | AA9: =SUM(AC9:AI9)+AN9+AO9 -> #REF! | AB9: =Z9-AA9 -> #REF! | AC9: =D9/H9*V9*-1 -> -2.73348 | AD9: =E9/H9*V9 -> 0 | AE9: {=_xlfn.IFS(C9="Biomass_Corn", 1/H9*R9, C9="Biomass_Agri", 1/H9*U9, C9="Biomass_Wood", 1/H9*T9, C9="Biomass_Herb", 1/H9*S9)} -> 61.366317 | AF9: =#REF!/H9*#REF! -> #REF! | AG9: =L9/H9/(0.9*8760) -> 16.68631 | AH9: =M9/H9/(0.9*8760) -> 8.8010609 | AI9: =N9/H9 -> 0.21674213 | AJ9: =AY9+BB9+BC9-AW9+#REF!+#REF! -> #REF! | AK9: =(P9+Q9)*-1*(J9+#REF!)/H9 -> #REF! | AL9: =AJ9*P9 -> #REF! | AM9: =SUM(AY9:BB9)-AW9 -> -1.9546126e-06 | AN9: =(J9+#REF!)/H9*-1*Q9 -> #REF! | AO9: =AM9*P9 -> -0.00021399058 | AQ9: =I9 -> 1.802 | AR9: 0.24396819 | AS9: 0.24942761 | AT9: 0.24635668 | AU9: 0.23037491 | AW9: =AQ9/H9 -> 0.8679318 | AY9: =AU9 -> 0.23037491 | BB9: =K9/H9 -> 0.63755493 | BC9: =J9/H9 -> 0 | BE9: =#REF!-#REF! -> #REF!
B10: CA_Gasoline_Gasification_Non_CCS_Herb | C10: Biomass_Wood | D10: 0.2233 | E10: 0 | H10: 2.0697 | I10: 1.806 | J10: 0 | K10: 1.3291965 | L10: 273134.22 | M10: 144062.46 | N10: 0.45 | P10: 109.47979 | Q10: -54.115443 | R10: 170 | S10: 100.77374 | T10: 108.66807 | U10: 89.424565 | V10: 39.359472 | X10: =B10 -> CA_Gasoline_Gasification_Non_CCS_Herb | Y10: =C10 -> Biomass_Wood | Z10: =SUM(AC10:AI10)+AK10+AL10 -> #REF! | AA10: =SUM(AC10:AI10)+AN10+AO10 -> #REF! | AB10: =Z10-AA10 -> #REF! | AC10: =D10/H10*V10*-1 -> -4.2464947 | AD10: =E10/H10*V10 -> 0 | AE10: {=_xlfn.IFS(C10="Biomass_Corn", 1/H10*R10, C10="Biomass_Agri", 1/H10*U10, C10="Biomass_Wood", 1/H10*T10, C10="Biomass_Herb", 1/H10*S10)} -> 52.504262 | AF10: =#REF!/H10*#REF! -> #REF! | AG10: =L10/H10/(0.9*8760) -> 16.738714 | AH10: =M10/H10/(0.9*8760) -> 8.828701 | AI10: =N10/H10 -> 0.21742281 | AJ10: =AY10+BB10+BC10-AW10+#REF!+#REF! -> #REF! | AK10: =(P10+Q10)*-1*(J10+#REF!)/H10 -> #REF! | AL10: =AJ10*P10 -> #REF! | AM10: =SUM(AY10:BB10)-AW10 -> 1.6467424e-06 | AN10: =(J10+#REF!)/H10*-1*Q10 -> #REF! | AO10: =AM10*P10 -> 0.00018028502 | AQ10: =I10 -> 1.806 | AR10: 0.24396819 | AS10: 0.24942761 | AT10: 0.24635668 | AU10: 0.23037491 | AW10: =AQ10/H10 -> 0.87259023 | AY10: =AU10 -> 0.23037491 | BB10: =K10/H10 -> 0.64221697 | BC10: =J10/H10 -> 0 | BE10: =#REF!-#REF! -> #REF!
B11: CA_Gasoline_Gasification_Non_CCS_Herb | C11: Biomass_Wood | D11: 0.2239 | E11: 0 | H11: 2.0751 | I11: 1.802 | J11: 0 | K11: 1.3239424 | L11: 273134.22 | M11: 144062.46 | N11: 0.45 | P11: 109.47979 | Q11: -41.717135 | R11: 170 | S11: 104.16738 | T11: 115.52639 | U11: 92.044978 | V11: 30.708173 | X11: =B11 -> CA_Gasoline_Gasification_Non_CCS_Herb | Y11: =C11 -> Biomass_Wood | Z11: =SUM(AC11:AI11)+AK11+AL11 -> #REF! | AA11: =SUM(AC11:AI11)+AN11+AO11 -> #REF! | AB11: =Z11-AA11 -> #REF! | AC11: =D11/H11*V11*-1 -> -3.3133632 | AD11: =E11/H11*V11 -> 0 | AE11: {=_xlfn.IFS(C11="Biomass_Corn", 1/H11*R11, C11="Biomass_Agri", 1/H11*U11, C11="Biomass_Wood", 1/H11*T11, C11="Biomass_Herb", 1/H11*S11)} -> 55.672685 | AF11: =#REF!/H11*#REF! -> #REF! | AG11: =L11/H11/(0.9*8760) -> 16.695156 | AH11: =M11/H11/(0.9*8760) -> 8.8057263 | AI11: =N11/H11 -> 0.21685702 | AJ11: =AY11+BB11+BC11-AW11+#REF!+#REF! -> #REF! | AK11: =(P11+Q11)*-1*(J11+#REF!)/H11 -> #REF! | AL11: =AJ11*P11 -> #REF! | AM11: =SUM(AY11:BB11)-AW11 -> -3.2062761e-06 | AN11: =(J11+#REF!)/H11*-1*Q11 -> #REF! | AO11: =AM11*P11 -> -0.00035102245 | AQ11: =I11 -> 1.802 | AR11: 0.24396819 | AS11: 0.24942761 | AT11: 0.24635668 | AU11: 0.23037491 | AW11: =AQ11/H11 -> 0.86839188 | AY11: =AU11 -> 0.23037491 | BB11: =K11/H11 -> 0.63801377 | BC11: =J11/H11 -> 0 | BE11: =#REF!-#REF! -> #REF!
B12: CA_Gasoline_Gasification_Non_CCS_Herb | C12: Biomass_Wood | D12: 0.2249 | E12: 0 | H12: 2.0838 | I12: 1.821 | J12: 0 | K12: 1.3409358 | L12: 273134.22 | M12: 144062.46 | N12: 0.45 | P12: 109.47979 | Q12: -47.70091 | R12: 170 | S12: 99.632843 | T12: 113.22702 | U12: 88.855315 | V12: 38.218446 | X12: =B12 -> CA_Gasoline_Gasification_Non_CCS_Herb | Y12: =C12 -> Biomass_Wood | Z12: =SUM(AC12:AI12)+AK12+AL12 -> #REF! | AA12: =SUM(AC12:AI12)+AN12+AO12 -> #REF! | AB12: =Z12-AA12 -> #REF! | AC12: =D12/H12*V12*-1 -> -4.1248337 | AD12: =E12/H12*V12 -> 0 | AE12: {=_xlfn.IFS(C12="Biomass_Corn", 1/H12*R12, C12="Biomass_Agri", 1/H12*U12, C12="Biomass_Wood", 1/H12*T12, C12="Biomass_Herb", 1/H12*S12)} -> 54.336797 | AF12: =#REF!/H12*#REF! -> #REF! | AG12: =L12/H12/(0.9*8760) -> 16.625452 | AH12: =M12/H12/(0.9*8760) -> 8.7689618 | AI12: =N12/H12 -> 0.21595163 | AJ12: =AY12+BB12+BC12-AW12+#REF!+#REF! -> #REF! | AK12: =(P12+Q12)*-1*(J12+#REF!)/H12 -> #REF! | AL12: =AJ12*P12 -> #REF! | AM12: =SUM(AY12:BB12)-AW12 -> -4.2851613e-06 | AN12: =(J12+#REF!)/H12*-1*Q12 -> #REF! | AO12: =AM12*P12 -> -0.00046913858 | AQ12: =I12 -> 1.821 | AR12: 0.24396819 | AS12: 0.24942761 | AT12: 0.24635668 | AU12: 0.23037491 | AW12: =AQ12/H12 -> 0.87388425 | AY12: =AU12 -> 0.23037491 | BB12: =K12/H12 -> 0.64350505 | BC12: =J12/H12 -> 0 | BE12: =#REF!-#REF! -> #REF!
B13: CA_Gasoline_Gasification_Non_CCS_Herb | C13: Biomass_Wood | D13: 0.2221 | E13: 0 | H13: 2.0577 | I13: 1.821 | J13: 0 | K13: 1.3469554 | L13: 273134.22 | M13: 144062.46 | N13: 0.45 | P13: 109.47979 | Q13: -21.506692 | R13: 170 | S13: 137.93465 | T13: 157.88135 | U13: 111.36485 | V13: 20.230252 | X13: =B13 -> CA_Gasoline_Gasification_Non_CCS_Herb | Y13: =C13 -> Biomass_Wood | Z13: =SUM(AC13:AI13)+AK13+AL13 -> #REF! | AA13: =SUM(AC13:AI13)+AN13+AO13 -> #REF! | AB13: =Z13-AA13 -> #REF! | AC13: =D13/H13*V13*-1 -> -2.1835734 | AD13: =E13/H13*V13 -> 0 | AE13: {=_xlfn.IFS(C13="Biomass_Corn", 1/H13*R13, C13="Biomass_Agri", 1/H13*U13, C13="Biomass_Wood", 1/H13*T13, C13="Biomass_Herb", 1/H13*S13)} -> 76.727099 | AF13: =#REF!/H13*#REF! -> #REF! | AG13: =L13/H13/(0.9*8760) -> 16.83633 | AH13: =M13/H13/(0.9*8760) -> 8.8801879 | AI13: =N13/H13 -> 0.21869077 | AJ13: =AY13+BB13+BC13-AW13+#REF!+#REF! -> #REF! | AK13: =(P13+Q13)*-1*(J13+#REF!)/H13 -> #REF! | AL13: =AJ13*P13 -> #REF! | AM13: =SUM(AY13:BB13)-AW13 -> -1.0211364e-06 | AN13: =(J13+#REF!)/H13*-1*Q13 -> #REF! | AO13: =AM13*P13 -> -0.0001117938 | AQ13: =I13 -> 1.821 | AR13: 0.24396819 | AS13: 0.24942761 | AT13: 0.24635668 | AU13: 0.23037491 | AW13: =AQ13/H13 -> 0.88496865 | AY13: =AU13 -> 0.23037491 | BB13: =K13/H13 -> 0.65459272 | BC13: =J13/H13 -> 0 | BE13: =#REF!-#REF! -> #REF!
B14: CA_Gasoline_Gasification_Non_CCS_Herb | C14: Biomass_Agri | D14: 0.2017 | E14: 0 | H14: 1.8694 | I14: 1.7 | J14: 0 | K14: 1.2693468 | L14: 273134.22 | M14: 144062.46 | N14: 0.45 | P14: 109.47979 | Q14: -31.70346 | R14: 170 | S14: 110.46152 | T14: 127.40875 | U14: 98.832478 | V14: 25.324637 | X14: =B14 -> CA_Gasoline_Gasification_Non_CCS_Herb | Y14: =C14 -> Biomass_Agri | Z14: =SUM(AC14:AI14)+AK14+AL14 -> #REF! | AA14: =SUM(AC14:AI14)+AN14+AO14 -> #REF! | AB14: =Z14-AA14 -> #REF! | AC14: =D14/H14*V14*-1 -> -2.7324164 | AD14: =E14/H14*V14 -> 0 | AE14: {=_xlfn.IFS(C14="Biomass_Corn", 1/H14*R14, C14="Biomass_Agri", 1/H14*U14, C14="Biomass_Wood", 1/H14*T14, C14="Biomass_Herb", 1/H14*S14)} -> 52.868556 | AF14: =#REF!/H14*#REF! -> #REF! | AG14: =L14/H14/(0.9*8760) -> 18.532212 | AH14: =M14/H14/(0.9*8760) -> 9.774667 | AI14: =N14/H14 -> 0.24071895 | AJ14: =AY14+BB14+BC14-AW14+#REF!+#REF! -> #REF! | AK14: =(P14+Q14)*-1*(J14+#REF!)/H14 -> #REF! | AL14: =AJ14*P14 -> #REF! | AM14: =SUM(AY14:BB14)-AW14 -> 5.1797472e-06 | AN14: =(J14+#REF!)/H14*-1*Q14 -> #REF! | AO14: =AM14*P14 -> 0.00056707766 | AQ14: =I14 -> 1.7 | AR14: 0.24396819 | AS14: 0.24942761 | AT14: 0.24635668 | AU14: 0.23037491 | AW14: =AQ14/H14 -> 0.90938269 | AY14: =AU14 -> 0.23037491 | BB14: =K14/H14 -> 0.67901296 | BC14: =J14/H14 -> 0 | BE14: =#REF!-#REF! -> #REF!
B15: CA_Gasoline_Gasification_Non_CCS_Herb | C15: Biomass_Agri | D15: 0.203 | E15: 0 | H15: 1.8813 | I15: 1.708 | J15: 0 | K15: 1.2745878 | L15: 273134.22 | M15: 144062.46 | N15: 0.45 | P15: 109.47979 | Q15: -54.115443 | R15: 170 | S15: 100.77374 | T15: 108.66807 | U15: 89.424565 | V15: 39.359472 | X15: =B15 -> CA_Gasoline_Gasification_Non_CCS_Herb | Y15: =C15 -> Biomass_Agri | Z15: =SUM(AC15:AI15)+AK15+AL15 -> #REF! | AA15: =SUM(AC15:AI15)+AN15+AO15 -> #REF! | AB15: =Z15-AA15 -> #REF! | AC15: =D15/H15*V15*-1 -> -4.2470488 | AD15: =E15/H15*V15 -> 0 | AE15: {=_xlfn.IFS(C15="Biomass_Corn", 1/H15*R15, C15="Biomass_Agri", 1/H15*U15, C15="Biomass_Wood", 1/H15*T15, C15="Biomass_Herb", 1/H15*S15)} -> 47.533389 | AF15: =#REF!/H15*#REF! -> #REF! | AG15: =L15/H15/(0.9*8760) -> 18.414988 | AH15: =M15/H15/(0.9*8760) -> 9.7128382 | AI15: =N15/H15 -> 0.2391963 | AJ15: =AY15+BB15+BC15-AW15+#REF!+#REF! -> #REF! | AK15: =(P15+Q15)*-1*(J15+#REF!)/H15 -> #REF! | AL15: =AJ15*P15 -> #REF! | AM15: =SUM(AY15:BB15)-AW15 -> -4.1699976e-06 | AN15: =(J15+#REF!)/H15*-1*Q15 -> #REF! | AO15: =AM15*P15 -> -0.00045653048 | AQ15: =I15 -> 1.708 | AR15: 0.24396819 | AS15: 0.24942761 | AT15: 0.24635668 | AU15: 0.23037491 | AW15: =AQ15/H15 -> 0.90788285 | AY15: =AU15 -> 0.23037491 | BB15: =K15/H15 -> 0.67750377 | BC15: =J15/H15 -> 0 | BE15: =#REF!-#REF! -> #REF!
B16: CA_Gasoline_Gasification_Non_CCS_Herb | C16: Biomass_Agri | D16: 0.2033 | E16: 0 | H16: 1.8835 | I16: 1.71 | J16: 0 | K16: 1.2760862 | L16: 273134.22 | M16: 144062.46 | N16: 0.45 | P16: 109.47979 | Q16: -41.717135 | R16: 170 | S16: 104.16738 | T16: 115.52639 | U16: 92.044978 | V16: 30.708173 | X16: =B16 -> CA_Gasoline_Gasification_Non_CCS_Herb | Y16: =C16 -> Biomass_Agri | Z16: =SUM(AC16:AI16)+AK16+AL16 -> #REF! | AA16: =SUM(AC16:AI16)+AN16+AO16 -> #REF! | AB16: =Z16-AA16 -> #REF! | AC16: =D16/H16*V16*-1 -> -3.3145588 | AD16: =E16/H16*V16 -> 0 | AE16: {=_xlfn.IFS(C16="Biomass_Corn", 1/H16*R16, C16="Biomass_Agri", 1/H16*U16, C16="Biomass_Wood", 1/H16*T16, C16="Biomass_Herb", 1/H16*S16)} -> 48.869115 | AF16: =#REF!/H16*#REF! -> #REF! | AG16: =L16/H16/(0.9*8760) -> 18.393479 | AH16: =M16/H16/(0.9*8760) -> 9.7014933 | AI16: =N16/H16 -> 0.23891691 | AJ16: =AY16+BB16+BC16-AW16+#REF!+#REF! -> #REF! | AK16: =(P16+Q16)*-1*(J16+#REF!)/H16 -> #REF! | AL16: =AJ16*P16 -> #REF! | AM16: =SUM(AY16:BB16)-AW16 -> -1.4094306e-06 | AN16: =(J16+#REF!)/H16*-1*Q16 -> #REF! | AO16: =AM16*P16 -> -0.00015430418 | AQ16: =I16 -> 1.71 | AR16: 0.24396819 | AS16: 0.24942761 | AT16: 0.24635668 | AU16: 0.23037491 | AW16: =AQ16/H16 -> 0.90788426 | AY16: =AU16 -> 0.23037491 | BB16: =K16/H16 -> 0.67750794 | BC16: =J16/H16 -> 0 | BE16: =#REF!-#REF! -> #REF!
... B68: CA_Gasoline_Gasification_Non_CCS_Herb | C68: Biomass_Corn | D68: 0 | E68: 0.085342825 | H68: 3.104338 | I68: 1.7588667 | J68: 0.35768767 | K68: 0.68601739 | L68: 45179.42 | M68: 201481.25 | N68: -25.28 | P68: 109.47979 | Q68: -7.354813 | R68: 170 | S68: 138.35676 | T68: 156.77793 | U68: 119.3458 | V68: 26.773822 | X68: =B68 -> CA_Gasoline_Gasification_Non_CCS_Herb | Y68: =C68 -> Biomass_Corn | Z68: =SUM(AC68:AI68)+AK68+AL68 -> #REF! | AA68: =SUM(AC68:AI68)+AN68+AO68 -> #REF! | AB68: =Z68-AA68 -> #REF! | AC68: =D68/H68*V68*-1 -> 0 | AD68: =E68/H68*V68 -> 0.73605181 | AE68: {=_xlfn.IFS(C68="Biomass_Corn", 1/H68*R68, C68="Biomass_Agri", 1/H68*U68, C68="Biomass_Wood", 1/H68*T68, C68="Biomass_Herb", 1/H68*S68)} -> 54.762078 | AF68: =#REF!/H68*#REF! -> #REF! | AG68: =L68/H68/(0.9*8760) -> 1.8459717 | AH68: =M68/H68/(0.9*8760) -> 8.2322589 | AI68: =N68/H68 -> -8.1434432 | AJ68: =AY68+BB68+BC68-AW68+#REF!+#REF! -> #REF! | AK68: =(P68+Q68)*-1*(J68+#REF!)/H68 -> #REF! | AL68: =AJ68*P68 -> #REF! | AM68: =SUM(AY68:BB68)-AW68 -> -0.11522189 | AN68: =(J68+#REF!)/H68*-1*Q68 -> #REF! | AO68: =AM68*P68 -> -12.614468 | AQ68: =I68 -> 1.7588667 | AR68: 0.24396819 | AS68: 0.24942761 | AT68: 0.24635668 | AU68: 0.23037491 | AW68: =AQ68/H68 -> 0.56658349 | AY68: =AU68 -> 0.23037491 | BB68: =K68/H68 -> 0.2209867 | BC68: =J68/H68 -> 0.11522188 | BE68: =#REF!-#REF! -> #REF!
C69: Biomass_Corn | D69: 0 | E69: 0.085342825 | H69: 3.104338 | I69: 1.7588667 | J69: 0.35768767 | K69: 0.68601739 | L69: 45179.42 | M69: 201481.25 | N69: -25.28 | P69: 109.47979 | Q69: -16.598628 | R69: 170 | S69: 123.65193 | T69: 141.0224 | U69: 111.7672 | V69: 27.997804 | X69: =B69 -> 0 | Y69: =C69 -> Biomass_Corn | Z69: =SUM(AC69:AI69)+AK69+AL69 -> #REF! | AA69: =SUM(AC69:AI69)+AN69+AO69 -> #REF! | AB69: =Z69-AA69 -> #REF! | AC69: =D69/H69*V69*-1 -> 0 | AD69: =E69/H69*V69 -> 0.76970088 | AE69: {=_xlfn.IFS(C69="Biomass_Corn", 1/H69*R69, C69="Biomass_Agri", 1/H69*U69, C69="Biomass_Wood", 1/H69*T69, C69="Biomass_Herb", 1/H69*S69)} -> 54.762078 | AF69: =#REF!/H69*#REF! -> #REF! | AG69: =L69/H69/(0.9*8760) -> 1.8459717 | AH69: =M69/H69/(0.9*8760) -> 8.2322589 | AI69: =N69/H69 -> -8.1434432 | AJ69: =AY69+BB69+BC69-AW69+#REF!+#REF! -> #REF! | AK69: =(P69+Q69)*-1*(J69+#REF!)/H69 -> #REF! | AL69: =AJ69*P69 -> #REF! | AM69: =SUM(AY69:BB69)-AW69 -> -0.11522189 | AN69: =(J69+#REF!)/H69*-1*Q69 -> #REF! | AO69: =AM69*P69 -> -12.614468 | AQ69: =I69 -> 1.7588667 | AR69: 0.24396819 | AS69: 0.24942761 | AT69: 0.24635668 | AU69: 0.23037491 | AW69: =AQ69/H69 -> 0.56658349 | AY69: =AU69 -> 0.23037491 | BB69: =K69/H69 -> 0.2209867 | BC69: =J69/H69 -> 0.11522188 | BE69: =#REF!-#REF! -> #REF!
C70: Biomass_Corn | D70: 0 | E70: 0.085342825 | H70: 3.104338 | I70: 1.7588667 | J70: 0.35768767 | K70: 0.68601739 | L70: 45179.42 | M70: 201481.25 | N70: -25.28 | P70: 109.47979 | Q70: -21.506692 | R70: 170 | S70: 137.93465 | T70: 157.88135 | U70: 111.36485 | V70: 20.230252 | X70: =B70 -> 0 | Y70: =C70 -> Biomass_Corn | Z70: =SUM(AC70:AI70)+AK70+AL70 -> #REF! | AA70: =SUM(AC70:AI70)+AN70+AO70 -> #REF! | AB70: =Z70-AA70 -> #REF! | AC70: =D70/H70*V70*-1 -> 0 | AD70: =E70/H70*V70 -> 0.55615943 | AE70: {=_xlfn.IFS(C70="Biomass_Corn", 1/H70*R70, C70="Biomass_Agri", 1/H70*U70, C70="Biomass_Wood", 1/H70*T70, C70="Biomass_Herb", 1/H70*S70)} -> 54.762078 | AF70: =#REF!/H70*#REF! -> #REF! | AG70: =L70/H70/(0.9*8760) -> 1.8459717 | AH70: =M70/H70/(0.9*8760) -> 8.2322589 | AI70: =N70/H70 -> -8.1434432 | AJ70: =AY70+BB70+BC70-AW70+#REF!+#REF! -> #REF! | AK70: =(P70+Q70)*-1*(J70+#REF!)/H70 -> #REF! | AL70: =AJ70*P70 -> #REF! | AM70: =SUM(AY70:BB70)-AW70 -> -0.11522189 | AN70: =(J70+#REF!)/H70*-1*Q70 -> #REF! | AO70: =AM70*P70 -> -12.614468 | AQ70: =I70 -> 1.7588667 | AR70: 0.24396819 | AS70: 0.24942761 | AT70: 0.24635668 | AU70: 0.23037491 | AW70: =AQ70/H70 -> 0.56658349 | AY70: =AU70 -> 0.23037491 | BB70: =K70/H70 -> 0.2209867 | BC70: =J70/H70 -> 0.11522188 | BE70: =#REF!-#REF! -> #REF!
C71: Biomass_Corn | D71: 0 | E71: 0.085342825 | H71: 3.104338 | I71: 1.7588667 | J71: 0.35768767 | K71: 0.68601739 | L71: 45179.42 | M71: 201481.25 | N71: -25.28 | P71: 109.47979 | Q71: -41.717135 | R71: 170 | S71: 104.16738 | T71: 115.52639 | U71: 92.044978 | V71: 30.708173 | X71: =B71 -> 0 | Y71: =C71 -> Biomass_Corn | Z71: =SUM(AC71:AI71)+AK71+AL71 -> #REF! | AA71: =SUM(AC71:AI71)+AN71+AO71 -> #REF! | AB71: =Z71-AA71 -> #REF! | AC71: =D71/H71*V71*-1 -> 0 | AD71: =E71/H71*V71 -> 0.84421292 | AE71: {=_xlfn.IFS(C71="Biomass_Corn", 1/H71*R71, C71="Biomass_Agri", 1/H71*U71, C71="Biomass_Wood", 1/H71*T71, C71="Biomass_Herb", 1/H71*S71)} -> 54.762078 | AF71: =#REF!/H71*#REF! -> #REF! | AG71: =L71/H71/(0.9*8760) -> 1.8459717 | AH71: =M71/H71/(0.9*8760) -> 8.2322589 | AI71: =N71/H71 -> -8.1434432 | AJ71: =AY71+BB71+BC71-AW71+#REF!+#REF! -> #REF! | AK71: =(P71+Q71)*-1*(J71+#REF!)/H71 -> #REF! | AL71: =AJ71*P71 -> #REF! | AM71: =SUM(AY71:BB71)-AW71 -> -0.11522189 | AN71: =(J71+#REF!)/H71*-1*Q71 -> #REF! | AO71: =AM71*P71 -> -12.614468 | AQ71: =I71 -> 1.7588667 | AR71: 0.24396819 | AS71: 0.24942761 | AT71: 0.24635668 | AU71: 0.23037491 | AW71: =AQ71/H71 -> 0.56658349 | AY71: =AU71 -> 0.23037491 | BB71: =K71/H71 -> 0.2209867 | BC71: =J71/H71 -> 0.11522188 | BE71: =#REF!-#REF! -> #REF!
C72: Biomass_Corn | D72: 0 | E72: 0.085342825 | H72: 3.104338 | I72: 1.7588667 | J72: 0.35768767 | K72: 0.68601739 | L72: 45179.42 | M72: 201481.25 | N72: -25.28 | P72: 109.47979 | Q72: -31.70346 | R72: 170 | S72: 110.46152 | T72: 127.40875 | U72: 98.832478 | V72: 25.324637 | X72: =B72 -> 0 | Y72: =C72 -> Biomass_Corn | Z72: =SUM(AC72:AI72)+AK72+AL72 -> #REF! | AA72: =SUM(AC72:AI72)+AN72+AO72 -> #REF! | AB72: =Z72-AA72 -> #REF! | AC72: =D72/H72*V72*-1 -> 0 | AD72: =E72/H72*V72 -> 0.69621158 | AE72: {=_xlfn.IFS(C72="Biomass_Corn", 1/H72*R72, C72="Biomass_Agri", 1/H72*U72, C72="Biomass_Wood", 1/H72*T72, C72="Biomass_Herb", 1/H72*S72)} -> 54.762078 | AF72: =#REF!/H72*#REF! -> #REF! | AG72: =L72/H72/(0.9*8760) -> 1.8459717 | AH72: =M72/H72/(0.9*8760) -> 8.2322589 | AI72: =N72/H72 -> -8.1434432 | AJ72: =AY72+BB72+BC72-AW72+#REF!+#REF! -> #REF! | AK72: =(P72+Q72)*-1*(J72+#REF!)/H72 -> #REF! | AL72: =AJ72*P72 -> #REF! | AM72: =SUM(AY72:BB72)-AW72 -> -0.11522189 | AN72: =(J72+#REF!)/H72*-1*Q72 -> #REF! | AO72: =AM72*P72 -> -12.614468 | AQ72: =I72 -> 1.7588667 | AR72: 0.24396819 | AS72: 0.24942761 | AT72: 0.24635668 | AU72: 0.23037491 | AW72: =AQ72/H72 -> 0.56658349 | AY72: =AU72 -> 0.23037491 | BB72: =K72/H72 -> 0.2209867 | BC72: =J72/H72 -> 0.11522188 | BE72: =#REF!-#REF! -> #REF!
C73: Biomass_Corn | D73: 0 | E73: 0.085342825 | H73: 3.104338 | I73: 1.7588667 | J73: 0.35768767 | K73: 0.68601739 | L73: 45179.42 | M73: 201481.25 | N73: -25.28 | P73: 109.47979 | Q73: -47.70091 | R73: 170 | S73: 99.632843 | T73: 113.22702 | U73: 88.855315 | V73: 38.218446 | X73: =B73 -> 0 | Y73: =C73 -> Biomass_Corn | Z73: =SUM(AC73:AI73)+AK73+AL73 -> #REF! | AA73: =SUM(AC73:AI73)+AN73+AO73 -> #REF! | AB73: =Z73-AA73 -> #REF! | AC73: =D73/H73*V73*-1 -> 0 | AD73: =E73/H73*V73 -> 1.0506814 | AE73: {=_xlfn.IFS(C73="Biomass_Corn", 1/H73*R73, C73="Biomass_Agri", 1/H73*U73, C73="Biomass_Wood", 1/H73*T73, C73="Biomass_Herb", 1/H73*S73)} -> 54.762078 | AF73: =#REF!/H73*#REF! -> #REF! | AG73: =L73/H73/(0.9*8760) -> 1.8459717 | AH73: =M73/H73/(0.9*8760) -> 8.2322589 | AI73: =N73/H73 -> -8.1434432 | AJ73: =AY73+BB73+BC73-AW73+#REF!+#REF! -> #REF! | AK73: =(P73+Q73)*-1*(J73+#REF!)/H73 -> #REF! | AL73: =AJ73*P73 -> #REF! | AM73: =SUM(AY73:BB73)-AW73 -> -0.11522189 | AN73: =(J73+#REF!)/H73*-1*Q73 -> #REF! | AO73: =AM73*P73 -> -12.614468 | AQ73: =I73 -> 1.7588667 | AR73: 0.24396819 | AS73: 0.24942761 | AT73: 0.24635668 | AU73: 0.23037491 | AW73: =AQ73/H73 -> 0.56658349 | AY73: =AU73 -> 0.23037491 | BB73: =K73/H73 -> 0.2209867 | BC73: =J73/H73 -> 0.11522188 | BE73: =#REF!-#REF! -> #REF!
C74: Biomass_Corn | D74: 0 | E74: 0.085342825 | H74: 3.104338 | I74: 1.7588667 | J74: 0.35768767 | K74: 0.68601739 | L74: 45179.42 | M74: 201481.25 | N74: -25.28 | P74: 109.47979 | Q74: -54.115443 | R74: 170 | S74: 100.77374 | T74: 108.66807 | U74: 89.424565 | V74: 39.359472 | X74: =B74 -> 0 | Y74: =C74 -> Biomass_Corn | Z74: =SUM(AC74:AI74)+AK74+AL74 -> #REF! | AA74: =SUM(AC74:AI74)+AN74+AO74 -> #REF! | AB74: =Z74-AA74 -> #REF! | AC74: =D74/H74*V74*-1 -> 0 | AD74: =E74/H74*V74 -> 1.0820499 | AE74: {=_xlfn.IFS(C74="Biomass_Corn", 1/H74*R74, C74="Biomass_Agri", 1/H74*U74, C74="Biomass_Wood", 1/H74*T74, C74="Biomass_Herb", 1/H74*S74)} -> 54.762078 | AF74: =#REF!/H74*#REF! -> #REF! | AG74: =L74/H74/(0.9*8760) -> 1.8459717 | AH74: =M74/H74/(0.9*8760) -> 8.2322589 | AI74: =N74/H74 -> -8.1434432 | AJ74: =AY74+BB74+BC74-AW74+#REF!+#REF! -> #REF! | AK74: =(P74+Q74)*-1*(J74+#REF!)/H74 -> #REF! | AL74: =AJ74*P74 -> #REF! | AM74: =SUM(AY74:BB74)-AW74 -> -0.11522189 | AN74: =(J74+#REF!)/H74*-1*Q74 -> #REF! | AO74: =AM74*P74 -> -12.614468 | AQ74: =I74 -> 1.7588667 | AR74: 0.24396819 | AS74: 0.24942761 | AT74: 0.24635668 | AU74: 0.23037491 | AW74: =AQ74/H74 -> 0.56658349 | AY74: =AU74 -> 0.23037491 | BB74: =K74/H74 -> 0.2209867 | BC74: =J74/H74 -> 0.11522188 | BE74: =#REF!-#REF! -> #REF!
C75: Biomass_Corn | D75: 0 | E75: 0.085342825 | H75: 3.104338 | I75: 1.7588667 | J75: 0.35768767 | K75: 0.68601739 | L75: 45179.42 | M75: 201481.25 | N75: -25.28 | P75: 109.47979 | Q75: -62.623761 | R75: 170 | S75: 101.59236 | T75: 107.35132 | U75: 91.70665 | V75: 47.446025 | X75: =B75 -> 0 | Y75: =C75 -> Biomass_Corn | Z75: =SUM(AC75:AI75)+AK75+AL75 -> #REF! | AA75: =SUM(AC75:AI75)+AN75+AO75 -> #REF! | AB75: =Z75-AA75 -> #REF! | AC75: =D75/H75*V75*-1 -> 0 | AD75: =E75/H75*V75 -> 1.3043611 | AE75: {=_xlfn.IFS(C75="Biomass_Corn", 1/H75*R75, C75="Biomass_Agri", 1/H75*U75, C75="Biomass_Wood", 1/H75*T75, C75="Biomass_Herb", 1/H75*S75)} -> 54.762078 | AF75: =#REF!/H75*#REF! -> #REF! | AG75: =L75/H75/(0.9*8760) -> 1.8459717 | AH75: =M75/H75/(0.9*8760) -> 8.2322589 | AI75: =N75/H75 -> -8.1434432 | AJ75: =AY75+BB75+BC75-AW75+#REF!+#REF! -> #REF! | AK75: =(P75+Q75)*-1*(J75+#REF!)/H75 -> #REF! | AL75: =AJ75*P75 -> #REF! | AM75: =SUM(AY75:BB75)-AW75 -> -0.11522189 | AN75: =(J75+#REF!)/H75*-1*Q75 -> #REF! | AO75: =AM75*P75 -> -12.614468 | AQ75: =I75 -> 1.7588667 | AT75: 0.18104824 | AU75: 0.23037491 | AW75: =AQ75/H75 -> 0.56658349 | AY75: =AU75 -> 0.23037491 | BB75: =K75/H75 -> 0.2209867 | BC75: =J75/H75 -> 0.11522188 | BE75: =#REF!-#REF! -> #REF!

Sheet lc_summary
B1: UNSORTED | O1: SORTED
B2: id | C2: elec_production | D2: elec_consumption | E2: biomass_consumption | F2: natgas_consumption | G2: investment_cost | H2: fixed_om_cost | I2: variable_om_cost | J2: modified capture cost | K2: modified emissions cost | L2: LCOE ($/MWh-ethanol) | M2: LCOE ($/GJ-ethanol) | O2: id | P2: elec_production | Q2: elec_consumption | R2: biomass_consumption | S2: natgas_consumption | T2: investment_cost | U2: fixed_om_cost | V2: variable_om_cost | W2: modified capture cost | X2: modified emissions cost | Y2: LCOE ($/MWh-ethanol) | Z2: LCOE ($/GJ-ethanol)
B3: =lc_detailed!B4 -> CA_Gasoline_Gasification_Non_CCS_Herb | C3: =lc_detailed!AC4 -> -2.7330397 | D3: =lc_detailed!AD4 -> 0 | E3: =lc_detailed!AE4 -> 55.653727 | F3: =lc_detailed!AF4 -> #REF! | G3: =lc_detailed!AG4 -> 17.454714 | H3: =lc_detailed!AH4 -> 9.2063495 | I3: =lc_detailed!AI4 -> 0.2267231 | J3: =lc_detailed!AK4 -> #REF! | K3: =lc_detailed!AL4 -> #REF! | L3: =lc_detailed!AA4 -> #REF! | M3: =lc_detailed!#REF! -> #REF! | O3: {=_xlfn._xlws.SORT(B3:M74, 11, 1)} -> CA_Gasoline_Gasification_Non_CCS_Herb | P3: -2.7330397 | Q3: 0 | R3: 55.653727 | S3: #REF! | T3: 17.454714 | U3: 9.2063495 | V3: 0.2267231 | W3: #REF! | X3: #REF! | Y3: #REF! | Z3: #REF!
B4: =lc_detailed!B5 -> CA_Gasoline_Gasification_Non_CCS_Herb | C4: =lc_detailed!AC5 -> -4.2472829 | D4: =lc_detailed!AD5 -> 0 | E4: =lc_detailed!AE5 -> 50.579072 | F4: =lc_detailed!AF5 -> #REF! | G4: =lc_detailed!AG5 -> 17.388134 | H4: =lc_detailed!AH5 -> 9.171232 | I4: =lc_detailed!AI5 -> 0.22585826 | J4: =lc_detailed!AK5 -> #REF! | K4: =lc_detailed!AL5 -> #REF! | L4: =lc_detailed!AA5 -> #REF! | M4: =lc_detailed!#REF! -> #REF! | O4: CA_Gasoline_Gasification_Non_CCS_Herb | P4: -4.2472829 | Q4: 0 | R4: 50.579072 | S4: #REF! | T4: 17.388134 | U4: 9.171232 | V4: 0.22585826 | W4: #REF! | X4: #REF! | Y4: #REF! | Z4: #REF!
B5: =lc_detailed!B6 -> CA_Gasoline_Gasification_Non_CCS_Herb | C5: =lc_detailed!AC6 -> -3.3142742 | D5: =lc_detailed!AD6 -> 0 | E5: =lc_detailed!AE6 -> 52.169771 | F5: =lc_detailed!AF6 -> #REF! | G5: =lc_detailed!AG6 -> 17.350687 | H5: =lc_detailed!AH6 -> 9.1514812 | I5: =lc_detailed!AI6 -> 0.22537186 | J5: =lc_detailed!AK6 -> #REF! | K5: =lc_detailed!AL6 -> #REF! | L5: =lc_detailed!AA6 -> #REF! | M5: =lc_detailed!#REF! -> #REF! | O5: CA_Gasoline_Gasification_Non_CCS_Herb | P5: -3.3142742 | Q5: 0 | R5: 52.169771 | S5: #REF! | T5: 17.350687 | U5: 9.1514812 | V5: 0.22537186 | W5: #REF! | X5: #REF! | Y5: #REF! | Z5: #REF!
B6: =lc_detailed!B7 -> CA_Gasoline_Gasification_Non_CCS_Herb | C6: =lc_detailed!AC7 -> -4.1236961 | D6: =lc_detailed!AD7 -> 0 | E6: =lc_detailed!AE7 -> 50.281526 | F6: =lc_detailed!AF7 -> #REF! | G6: =lc_detailed!AG7 -> 17.483784 | H6: =lc_detailed!AH7 -> 9.2216818 | I6: =lc_detailed!AI7 -> 0.22710068 | J6: =lc_detailed!AK7 -> #REF! | K6: =lc_detailed!AL7 -> #REF! | L6: =lc_detailed!AA7 -> #REF! | M6: =lc_detailed!#REF! -> #REF! | O6: CA_Gasoline_Gasification_Non_CCS_Herb | P6: -4.1236961 | Q6: 0 | R6: 50.281526 | S6: #REF! | T6: 17.483784 | U6: 9.2216818 | V6: 0.22710068 | W6: #REF! | X6: #REF! | Y6: #REF! | Z6: #REF!
B7: =lc_detailed!B8 -> CA_Gasoline_Gasification_Non_CCS_Herb | C7: =lc_detailed!AC8 -> -2.1826273 | D7: =lc_detailed!AD8 -> 0 | E7: =lc_detailed!AE8 -> 69.801451 | F7: =lc_detailed!AF8 -> #REF! | G7: =lc_detailed!AG8 -> 17.531561 | H7: =lc_detailed!AH8 -> 9.2468815 | I7: =lc_detailed!AI8 -> 0.22772127 | J7: =lc_detailed!AK8 -> #REF! | K7: =lc_detailed!AL8 -> #REF! | L7: =lc_detailed!AA8 -> #REF! | M7: =lc_detailed!#REF! -> #REF! | O7: CA_Gasoline_Gasification_Non_CCS_Herb | P7: -2.1826273 | Q7: 0 | R7: 69.801451 | S7: #REF! | T7: 17.531561 | U7: 9.2468815 | V7: 0.22772127 | W7: #REF! | X7: #REF! | Y7: #REF! | Z7: #REF!
B8: =lc_detailed!B9 -> CA_Gasoline_Gasification_Non_CCS_Herb | C8: =lc_detailed!AC9 -> -2.73348 | D8: =lc_detailed!AD9 -> 0 | E8: =lc_detailed!AE9 -> 61.366317 | F8: =lc_detailed!AF9 -> #REF! | G8: =lc_detailed!AG9 -> 16.68631 | H8: =lc_detailed!AH9 -> 8.8010609 | I8: =lc_detailed!AI9 -> 0.21674213 | J8: =lc_detailed!AK9 -> #REF! | K8: =lc_detailed!AL9 -> #REF! | L8: =lc_detailed!AA9 -> #REF! | M8: =lc_detailed!#REF! -> #REF! | O8: CA_Gasoline_Gasification_Non_CCS_Herb | P8: -2.73348 | Q8: 0 | R8: 61.366317 | S8: #REF! | T8: 16.68631 | U8: 8.8010609 | V8: 0.21674213 | W8: #REF! | X8: #REF! | Y8: #REF! | Z8: #REF!
B9: =lc_detailed!B10 -> CA_Gasoline_Gasification_Non_CCS_Herb | C9: =lc_detailed!AC10 -> -4.2464947 | D9: =lc_detailed!AD10 -> 0 | E9: =lc_detailed!AE10 -> 52.504262 | F9: =lc_detailed!AF10 -> #REF! | G9: =lc_detailed!AG10 -> 16.738714 | H9: =lc_detailed!AH10 -> 8.828701 | I9: =lc_detailed!AI10 -> 0.21742281 | J9: =lc_detailed!AK10 -> #REF! | K9: =lc_detailed!AL10 -> #REF! | L9: =lc_detailed!AA10 -> #REF! | M9: =lc_detailed!#REF! -> #REF! | O9: CA_Gasoline_Gasification_Non_CCS_Herb | P9: -4.2464947 | Q9: 0 | R9: 52.504262 | S9: #REF! | T9: 16.738714 | U9: 8.828701 | V9: 0.21742281 | W9: #REF! | X9: #REF! | Y9: #REF! | Z9: #REF!
B10: =lc_detailed!B11 -> CA_Gasoline_Gasification_Non_CCS_Herb | C10: =lc_detailed!AC11 -> -3.3133632 | D10: =lc_detailed!AD11 -> 0 | E10: =lc_detailed!AE11 -> 55.672685 | F10: =lc_detailed!AF11 -> #REF! | G10: =lc_detailed!AG11 -> 16.695156 | H10: =lc_detailed!AH11 -> 8.8057263 | I10: =lc_detailed!AI11 -> 0.21685702 | J10: =lc_detailed!AK11 -> #REF! | K10: =lc_detailed!AL11 -> #REF! | L10: =lc_detailed!AA11 -> #REF! | M10: =lc_detailed!#REF! -> #REF! | O10: CA_Gasoline_Gasification_Non_CCS_Herb | P10: -3.3133632 | Q10: 0 | R10: 55.672685 | S10: #REF! | T10: 16.695156 | U10: 8.8057263 | V10: 0.21685702 | W10: #REF! | X10: #REF! | Y10: #REF! | Z10: #REF!
B11: =lc_detailed!B12 -> CA_Gasoline_Gasification_Non_CCS_Herb | C11: =lc_detailed!AC12 -> -4.1248337 | D11: =lc_detailed!AD12 -> 0 | E11: =lc_detailed!AE12 -> 54.336797 | F11: =lc_detailed!AF12 -> #REF! | G11: =lc_detailed!AG12 -> 16.625452 | H11: =lc_detailed!AH12 -> 8.7689618 | I11: =lc_detailed!AI12 -> 0.21595163 | J11: =lc_detailed!AK12 -> #REF! | K11: =lc_detailed!AL12 -> #REF! | L11: =lc_detailed!AA12 -> #REF! | M11: =lc_detailed!#REF! -> #REF! | O11: CA_Gasoline_Gasification_Non_CCS_Herb | P11: -4.1248337 | Q11: 0 | R11: 54.336797 | S11: #REF! | T11: 16.625452 | U11: 8.7689618 | V11: 0.21595163 | W11: #REF! | X11: #REF! | Y11: #REF! | Z11: #REF!
B12: =lc_detailed!B13 -> CA_Gasoline_Gasification_Non_CCS_Herb | C12: =lc_detailed!AC13 -> -2.1835734 | D12: =lc_detailed!AD13 -> 0 | E12: =lc_detailed!AE13 -> 76.727099 | F12: =lc_detailed!AF13 -> #REF! | G12: =lc_detailed!AG13 -> 16.83633 | H12: =lc_detailed!AH13 -> 8.8801879 | I12: =lc_detailed!AI13 -> 0.21869077 | J12: =lc_detailed!AK13 -> #REF! | K12: =lc_detailed!AL13 -> #REF! | L12: =lc_detailed!AA13 -> #REF! | M12: =lc_detailed!#REF! -> #REF! | O12: CA_Gasoline_Gasification_Non_CCS_Herb | P12: -2.1835734 | Q12: 0 | R12: 76.727099 | S12: #REF! | T12: 16.83633 | U12: 8.8801879 | V12: 0.21869077 | W12: #REF! | X12: #REF! | Y12: #REF! | Z12: #REF!
B13: =lc_detailed!B14 -> CA_Gasoline_Gasification_Non_CCS_Herb | C13: =lc_detailed!AC14 -> -2.7324164 | D13: =lc_detailed!AD14 -> 0 | E13: =lc_detailed!AE14 -> 52.868556 | F13: =lc_detailed!AF14 -> #REF! | G13: =lc_detailed!AG14 -> 18.532212 | H13: =lc_detailed!AH14 -> 9.774667 | I13: =lc_detailed!AI14 -> 0.24071895 | J13: =lc_detailed!AK14 -> #REF! | K13: =lc_detailed!AL14 -> #REF! | L13: =lc_detailed!AA14 -> #REF! | M13: =lc_detailed!#REF! -> #REF! | O13: CA_Gasoline_Gasification_Non_CCS_Herb | P13: -2.7324164 | Q13: 0 | R13: 52.868556 | S13: #REF! | T13: 18.532212 | U13: 9.774667 | V13: 0.24071895 | W13: #REF! | X13: #REF! | Y13: #REF! | Z13: #REF!
B14: =lc_detailed!B15 -> CA_Gasoline_Gasification_Non_CCS_Herb | C14: =lc_detailed!AC15 -> -4.2470488 | D14: =lc_detailed!AD15 -> 0 | E14: =lc_detailed!AE15 -> 47.533389 | F14: =lc_detailed!AF15 -> #REF! | G14: =lc_detailed!AG15 -> 18.414988 | H14: =lc_detailed!AH15 -> 9.7128382 | I14: =lc_detailed!AI15 -> 0.2391963 | J14: =lc_detailed!AK15 -> #REF! | K14: =lc_detailed!AL15 -> #REF! | L14: =lc_detailed!AA15 -> #REF! | M14: =lc_detailed!#REF! -> #REF! | O14: CA_Gasoline_Gasification_Non_CCS_Herb | P14: -4.2470488 | Q14: 0 | R14: 47.533389 | S14: #REF! | T14: 18.414988 | U14: 9.7128382 | V14: 0.2391963 | W14: #REF! | X14: #REF! | Y14: #REF! | Z14: #REF!
B15: =lc_detailed!B16 -> CA_Gasoline_Gasification_Non_CCS_Herb | C15: =lc_detailed!AC16 -> -3.3145588 | D15: =lc_detailed!AD16 -> 0 | E15: =lc_detailed!AE16 -> 48.869115 | F15: =lc_detailed!AF16 -> #REF! | G15: =lc_detailed!AG16 -> 18.393479 | H15: =lc_detailed!AH16 -> 9.7014933 | I15: =lc_detailed!AI16 -> 0.23891691 | J15: =lc_detailed!AK16 -> #REF! | K15: =lc_detailed!AL16 -> #REF! | L15: =lc_detailed!AA16 -> #REF! | M15: =lc_detailed!#REF! -> #REF! | O15: CA_Gasoline_Gasification_Non_CCS_Herb | P15: -3.3145588 | Q15: 0 | R15: 48.869115 | S15: #REF! | T15: 18.393479 | U15: 9.7014933 | V15: 0.23891691 | W15: #REF! | X15: #REF! | Y15: #REF! | Z15: #REF!
... B67: =lc_detailed!B68 -> CA_Gasoline_Gasification_Non_CCS_Herb | C67: =lc_detailed!AC68 -> 0 | D67: =lc_detailed!AD68 -> 0.73605181 | E67: =lc_detailed!AE68 -> 54.762078 | F67: =lc_detailed!AF68 -> #REF! | G67: =lc_detailed!AG68 -> 1.8459717 | H67: =lc_detailed!AH68 -> 8.2322589 | I67: =lc_detailed!AI68 -> -8.1434432 | J67: =lc_detailed!AK68 -> #REF! | K67: =lc_detailed!AL68 -> #REF! | L67: =lc_detailed!AA68 -> #REF! | M67: =lc_detailed!#REF! -> #REF! | O67: CA_Gasoline_Gasification_Non_CCS_Herb | P67: 0 | Q67: 0.73605181 | R67: 54.762078 | S67: #REF! | T67: 1.8459717 | U67: 8.2322589 | V67: -8.1434432 | W67: #REF! | X67: #REF! | Y67: #REF! | Z67: #REF!
B68: =lc_detailed!B69 -> 0 | C68: =lc_detailed!AC69 -> 0 | D68: =lc_detailed!AD69 -> 0.76970088 | E68: =lc_detailed!AE69 -> 54.762078 | F68: =lc_detailed!AF69 -> #REF! | G68: =lc_detailed!AG69 -> 1.8459717 | H68: =lc_detailed!AH69 -> 8.2322589 | I68: =lc_detailed!AI69 -> -8.1434432 | J68: =lc_detailed!AK69 -> #REF! | K68: =lc_detailed!AL69 -> #REF! | L68: =lc_detailed!AA69 -> #REF! | M68: =lc_detailed!#REF! -> #REF! | O68: 0 | P68: 0 | Q68: 0.76970088 | R68: 54.762078 | S68: #REF! | T68: 1.8459717 | U68: 8.2322589 | V68: -8.1434432 | W68: #REF! | X68: #REF! | Y68: #REF! | Z68: #REF!
B69: =lc_detailed!B70 -> 0 | C69: =lc_detailed!AC70 -> 0 | D69: =lc_detailed!AD70 -> 0.55615943 | E69: =lc_detailed!AE70 -> 54.762078 | F69: =lc_detailed!AF70 -> #REF! | G69: =lc_detailed!AG70 -> 1.8459717 | H69: =lc_detailed!AH70 -> 8.2322589 | I69: =lc_detailed!AI70 -> -8.1434432 | J69: =lc_detailed!AK70 -> #REF! | K69: =lc_detailed!AL70 -> #REF! | L69: =lc_detailed!AA70 -> #REF! | M69: =lc_detailed!#REF! -> #REF! | O69: 0 | P69: 0 | Q69: 0.55615943 | R69: 54.762078 | S69: #REF! | T69: 1.8459717 | U69: 8.2322589 | V69: -8.1434432 | W69: #REF! | X69: #REF! | Y69: #REF! | Z69: #REF!
B70: =lc_detailed!B71 -> 0 | C70: =lc_detailed!AC71 -> 0 | D70: =lc_detailed!AD71 -> 0.84421292 | E70: =lc_detailed!AE71 -> 54.762078 | F70: =lc_detailed!AF71 -> #REF! | G70: =lc_detailed!AG71 -> 1.8459717 | H70: =lc_detailed!AH71 -> 8.2322589 | I70: =lc_detailed!AI71 -> -8.1434432 | J70: =lc_detailed!AK71 -> #REF! | K70: =lc_detailed!AL71 -> #REF! | L70: =lc_detailed!AA71 -> #REF! | M70: =lc_detailed!#REF! -> #REF! | O70: 0 | P70: 0 | Q70: 0.84421292 | R70: 54.762078 | S70: #REF! | T70: 1.8459717 | U70: 8.2322589 | V70: -8.1434432 | W70: #REF! | X70: #REF! | Y70: #REF! | Z70: #REF!
B71: =lc_detailed!B72 -> 0 | C71: =lc_detailed!AC72 -> 0 | D71: =lc_detailed!AD72 -> 0.69621158 | E71: =lc_detailed!AE72 -> 54.762078 | F71: =lc_detailed!AF72 -> #REF! | G71: =lc_detailed!AG72 -> 1.8459717 | H71: =lc_detailed!AH72 -> 8.2322589 | I71: =lc_detailed!AI72 -> -8.1434432 | J71: =lc_detailed!AK72 -> #REF! | K71: =lc_detailed!AL72 -> #REF! | L71: =lc_detailed!AA72 -> #REF! | M71: =lc_detailed!#REF! -> #REF! | O71: 0 | P71: 0 | Q71: 0.69621158 | R71: 54.762078 | S71: #REF! | T71: 1.8459717 | U71: 8.2322589 | V71: -8.1434432 | W71: #REF! | X71: #REF! | Y71: #REF! | Z71: #REF!
B72: =lc_detailed!B73 -> 0 | C72: =lc_detailed!AC73 -> 0 | D72: =lc_detailed!AD73 -> 1.0506814 | E72: =lc_detailed!AE73 -> 54.762078 | F72: =lc_detailed!AF73 -> #REF! | G72: =lc_detailed!AG73 -> 1.8459717 | H72: =lc_detailed!AH73 -> 8.2322589 | I72: =lc_detailed!AI73 -> -8.1434432 | J72: =lc_detailed!AK73 -> #REF! | K72: =lc_detailed!AL73 -> #REF! | L72: =lc_detailed!AA73 -> #REF! | M72: =lc_detailed!#REF! -> #REF! | O72: 0 | P72: 0 | Q72: 1.0506814 | R72: 54.762078 | S72: #REF! | T72: 1.8459717 | U72: 8.2322589 | V72: -8.1434432 | W72: #REF! | X72: #REF! | Y72: #REF! | Z72: #REF!
B73: =lc_detailed!B74 -> 0 | C73: =lc_detailed!AC74 -> 0 | D73: =lc_detailed!AD74 -> 1.0820499 | E73: =lc_detailed!AE74 -> 54.762078 | F73: =lc_detailed!AF74 -> #REF! | G73: =lc_detailed!AG74 -> 1.8459717 | H73: =lc_detailed!AH74 -> 8.2322589 | I73: =lc_detailed!AI74 -> -8.1434432 | J73: =lc_detailed!AK74 -> #REF! | K73: =lc_detailed!AL74 -> #REF! | L73: =lc_detailed!AA74 -> #REF! | M73: =lc_detailed!#REF! -> #REF! | O73: 0 | P73: 0 | Q73: 1.0820499 | R73: 54.762078 | S73: #REF! | T73: 1.8459717 | U73: 8.2322589 | V73: -8.1434432 | W73: #REF! | X73: #REF! | Y73: #REF! | Z73: #REF!
B74: =lc_detailed!B75 -> 0 | C74: =lc_detailed!AC75 -> 0 | D74: =lc_detailed!AD75 -> 1.3043611 | E74: =lc_detailed!AE75 -> 54.762078 | F74: =lc_detailed!AF75 -> #REF! | G74: =lc_detailed!AG75 -> 1.8459717 | H74: =lc_detailed!AH75 -> 8.2322589 | I74: =lc_detailed!AI75 -> -8.1434432 | J74: =lc_detailed!AK75 -> #REF! | K74: =lc_detailed!AL75 -> #REF! | L74: =lc_detailed!AA75 -> #REF! | M74: =lc_detailed!#REF! -> #REF! | O74: 0 | P74: 0 | Q74: 1.3043611 | R74: 54.762078 | S74: #REF! | T74: 1.8459717 | U74: 8.2322589 | V74: -8.1434432 | W74: #REF! | X74: #REF! | Y74: #REF! | Z74: #REF!
